type,frequency,target,result,status,is_primary,start_date,end_date,created_on,edited_on
CALORIES_BURNED_GOAL,DAILY,2866.0,8.0,INPROGRESS_SO_FAR_MISSED,false,2023-12-17,2023-12-18,2023-11-27T08:44:18.000+00:00,null
STEPS_GOAL,DAILY,10000.0,0.0,INPROGRESS_SO_FAR_MISSED,false,2023-12-17,2023-12-18,2023-11-27T08:44:18.000+00:00,null
FLOORS_CLIMBED_GOAL,DAILY,10.0,0.0,INPROGRESS_SO_FAR_MISSED,false,2023-12-17,2023-12-18,2023-11-27T08:44:18.000+00:00,null
DISTANCE_FROM_STEPS_GOAL,DAILY,5.0,0.0,INPROGRESS_SO_FAR_MISSED,false,2023-12-17,2023-12-18,2023-11-27T08:44:18.000+00:00,null
ACTIVE_MINUTES_GOAL,DAILY,30.0,0.0,INPROGRESS_SO_FAR_MISSED,false,2023-12-17,2023-12-18,2023-11-27T08:44:18.000+00:00,null
STEPS_GOAL,WEEKLY,70000.0,21255.0,INPROGRESS_SO_FAR_MISSED,true,2023-12-16,2023-12-23,2023-11-27T08:44:18.000+00:00,null
DISTANCE_FROM_STEPS_GOAL,WEEKLY,35.0,9.82242,INPROGRESS_SO_FAR_MISSED,false,2023-12-16,2023-12-23,2023-11-27T08:44:18.000+00:00,null
FLOORS_CLIMBED_GOAL,WEEKLY,70.0,40.0,INPROGRESS_SO_FAR_MISSED,false,2023-12-16,2023-12-23,2023-11-27T08:44:18.000+00:00,null
CALORIES_BURNED_GOAL,WEEKLY,20062.0,5873.0,INPROGRESS_SO_FAR_MISSED,false,2023-12-16,2023-12-23,2023-11-27T08:44:18.000+00:00,null
WATER_GOAL,DAILY,1893.0,0.0,INPROGRESS_SO_FAR_MISSED,false,2023-11-25,2023-12-02,2023-11-27T08:44:18.000+00:00,null