[{
  "dateTime" : "11/27/23 10:08:00",
  "value" : "10"
},{
  "dateTime" : "11/27/23 10:28:00",
  "value" : "20"
},{
  "dateTime" : "11/27/23 12:11:00",
  "value" : "30"
},{
  "dateTime" : "11/27/23 14:45:00",
  "value" : "10"
},{
  "dateTime" : "11/27/23 14:56:00",
  "value" : "10"
},{
  "dateTime" : "11/27/23 14:58:00",
  "value" : "10"
},{
  "dateTime" : "11/27/23 15:40:00",
  "value" : "10"
},{
  "dateTime" : "11/27/23 16:03:00",
  "value" : "40"
},{
  "dateTime" : "11/27/23 17:54:00",
  "value" : "10"
},{
  "dateTime" : "11/27/23 17:57:00",
  "value" : "10"
},{
  "dateTime" : "11/27/23 17:58:00",
  "value" : "10"
},{
  "dateTime" : "11/27/23 19:42:00",
  "value" : "10"
},{
  "dateTime" : "11/27/23 19:44:00",
  "value" : "10"
},{
  "dateTime" : "11/27/23 19:52:00",
  "value" : "10"
},{
  "dateTime" : "11/27/23 20:01:00",
  "value" : "10"
},{
  "dateTime" : "11/27/23 20:31:00",
  "value" : "10"
},{
  "dateTime" : "11/27/23 20:32:00",
  "value" : "10"
},{
  "dateTime" : "11/27/23 20:39:00",
  "value" : "10"
},{
  "dateTime" : "11/27/23 21:15:00",
  "value" : "10"
},{
  "dateTime" : "11/27/23 22:23:00",
  "value" : "10"
},{
  "dateTime" : "11/27/23 22:27:00",
  "value" : "10"
},{
  "dateTime" : "11/27/23 22:30:00",
  "value" : "10"
},{
  "dateTime" : "11/27/23 22:31:00",
  "value" : "20"
},{
  "dateTime" : "11/27/23 22:32:00",
  "value" : "20"
},{
  "dateTime" : "11/28/23 18:13:00",
  "value" : "10"
},{
  "dateTime" : "11/28/23 22:58:00",
  "value" : "10"
},{
  "dateTime" : "11/28/23 23:00:00",
  "value" : "20"
},{
  "dateTime" : "11/29/23 07:40:00",
  "value" : "10"
},{
  "dateTime" : "11/29/23 07:42:00",
  "value" : "20"
},{
  "dateTime" : "11/29/23 08:40:00",
  "value" : "20"
},{
  "dateTime" : "11/29/23 10:30:00",
  "value" : "10"
},{
  "dateTime" : "11/29/23 10:41:00",
  "value" : "20"
},{
  "dateTime" : "11/29/23 12:15:00",
  "value" : "10"
},{
  "dateTime" : "11/29/23 12:23:00",
  "value" : "20"
},{
  "dateTime" : "11/29/23 12:31:00",
  "value" : "10"
},{
  "dateTime" : "11/29/23 14:30:00",
  "value" : "10"
},{
  "dateTime" : "11/29/23 16:00:00",
  "value" : "10"
},{
  "dateTime" : "11/29/23 17:11:00",
  "value" : "10"
},{
  "dateTime" : "11/29/23 17:38:00",
  "value" : "20"
},{
  "dateTime" : "11/29/23 17:44:00",
  "value" : "10"
},{
  "dateTime" : "11/30/23 13:46:00",
  "value" : "20"
},{
  "dateTime" : "11/30/23 13:56:00",
  "value" : "10"
},{
  "dateTime" : "11/30/23 13:57:00",
  "value" : "10"
},{
  "dateTime" : "11/30/23 13:58:00",
  "value" : "10"
},{
  "dateTime" : "11/30/23 14:05:00",
  "value" : "10"
},{
  "dateTime" : "11/30/23 14:06:00",
  "value" : "10"
},{
  "dateTime" : "11/30/23 14:12:00",
  "value" : "30"
},{
  "dateTime" : "11/30/23 17:01:00",
  "value" : "20"
},{
  "dateTime" : "11/30/23 17:05:00",
  "value" : "20"
},{
  "dateTime" : "11/30/23 18:33:00",
  "value" : "10"
},{
  "dateTime" : "11/30/23 19:21:00",
  "value" : "10"
},{
  "dateTime" : "11/30/23 20:18:00",
  "value" : "20"
},{
  "dateTime" : "11/30/23 20:25:00",
  "value" : "20"
},{
  "dateTime" : "11/30/23 20:30:00",
  "value" : "20"
},{
  "dateTime" : "11/30/23 20:32:00",
  "value" : "10"
},{
  "dateTime" : "11/30/23 20:33:00",
  "value" : "10"
},{
  "dateTime" : "11/30/23 21:20:00",
  "value" : "10"
},{
  "dateTime" : "11/30/23 23:29:00",
  "value" : "10"
},{
  "dateTime" : "11/30/23 23:39:00",
  "value" : "20"
},{
  "dateTime" : "11/30/23 23:40:00",
  "value" : "10"
},{
  "dateTime" : "12/01/23 00:20:00",
  "value" : "10"
},{
  "dateTime" : "12/01/23 02:03:00",
  "value" : "10"
},{
  "dateTime" : "12/01/23 11:41:00",
  "value" : "10"
},{
  "dateTime" : "12/01/23 12:10:00",
  "value" : "10"
},{
  "dateTime" : "12/01/23 12:14:00",
  "value" : "20"
},{
  "dateTime" : "12/01/23 12:16:00",
  "value" : "10"
},{
  "dateTime" : "12/01/23 14:30:00",
  "value" : "20"
},{
  "dateTime" : "12/01/23 14:52:00",
  "value" : "10"
},{
  "dateTime" : "12/01/23 15:03:00",
  "value" : "10"
},{
  "dateTime" : "12/01/23 15:15:00",
  "value" : "10"
},{
  "dateTime" : "12/01/23 15:38:00",
  "value" : "10"
},{
  "dateTime" : "12/01/23 17:19:00",
  "value" : "10"
},{
  "dateTime" : "12/01/23 19:31:00",
  "value" : "10"
},{
  "dateTime" : "12/01/23 21:20:00",
  "value" : "10"
},{
  "dateTime" : "12/01/23 21:54:00",
  "value" : "10"
},{
  "dateTime" : "12/01/23 21:55:00",
  "value" : "10"
},{
  "dateTime" : "12/01/23 22:16:00",
  "value" : "10"
},{
  "dateTime" : "12/02/23 00:25:00",
  "value" : "10"
},{
  "dateTime" : "12/02/23 03:19:00",
  "value" : "10"
},{
  "dateTime" : "12/02/23 03:44:00",
  "value" : "20"
},{
  "dateTime" : "12/02/23 11:49:00",
  "value" : "10"
},{
  "dateTime" : "12/02/23 12:14:00",
  "value" : "10"
},{
  "dateTime" : "12/02/23 12:36:00",
  "value" : "10"
},{
  "dateTime" : "12/02/23 13:49:00",
  "value" : "10"
},{
  "dateTime" : "12/02/23 13:54:00",
  "value" : "20"
},{
  "dateTime" : "12/02/23 13:56:00",
  "value" : "10"
},{
  "dateTime" : "12/02/23 14:00:00",
  "value" : "20"
},{
  "dateTime" : "12/02/23 14:06:00",
  "value" : "10"
},{
  "dateTime" : "12/02/23 14:07:00",
  "value" : "10"
},{
  "dateTime" : "12/02/23 14:09:00",
  "value" : "10"
},{
  "dateTime" : "12/02/23 14:10:00",
  "value" : "20"
},{
  "dateTime" : "12/02/23 14:38:00",
  "value" : "20"
},{
  "dateTime" : "12/02/23 14:41:00",
  "value" : "10"
},{
  "dateTime" : "12/02/23 15:06:00",
  "value" : "20"
},{
  "dateTime" : "12/02/23 15:08:00",
  "value" : "20"
},{
  "dateTime" : "12/02/23 15:09:00",
  "value" : "10"
},{
  "dateTime" : "12/02/23 15:10:00",
  "value" : "30"
},{
  "dateTime" : "12/02/23 15:11:00",
  "value" : "10"
},{
  "dateTime" : "12/02/23 15:12:00",
  "value" : "10"
},{
  "dateTime" : "12/02/23 15:13:00",
  "value" : "10"
},{
  "dateTime" : "12/02/23 15:14:00",
  "value" : "30"
},{
  "dateTime" : "12/02/23 15:39:00",
  "value" : "10"
},{
  "dateTime" : "12/02/23 16:14:00",
  "value" : "10"
},{
  "dateTime" : "12/02/23 16:23:00",
  "value" : "10"
},{
  "dateTime" : "12/02/23 16:24:00",
  "value" : "10"
},{
  "dateTime" : "12/02/23 16:34:00",
  "value" : "20"
},{
  "dateTime" : "12/02/23 16:42:00",
  "value" : "10"
},{
  "dateTime" : "12/02/23 16:58:00",
  "value" : "10"
},{
  "dateTime" : "12/02/23 20:01:00",
  "value" : "40"
},{
  "dateTime" : "12/03/23 10:40:00",
  "value" : "10"
},{
  "dateTime" : "12/03/23 10:42:00",
  "value" : "10"
},{
  "dateTime" : "12/03/23 10:43:00",
  "value" : "10"
},{
  "dateTime" : "12/03/23 10:46:00",
  "value" : "20"
},{
  "dateTime" : "12/03/23 10:47:00",
  "value" : "10"
},{
  "dateTime" : "12/03/23 11:18:00",
  "value" : "30"
},{
  "dateTime" : "12/03/23 11:19:00",
  "value" : "10"
},{
  "dateTime" : "12/03/23 11:48:00",
  "value" : "20"
},{
  "dateTime" : "12/03/23 11:56:00",
  "value" : "20"
},{
  "dateTime" : "12/03/23 17:17:00",
  "value" : "10"
},{
  "dateTime" : "12/03/23 17:19:00",
  "value" : "10"
},{
  "dateTime" : "12/03/23 17:26:00",
  "value" : "20"
},{
  "dateTime" : "12/03/23 17:27:00",
  "value" : "10"
},{
  "dateTime" : "12/04/23 07:23:00",
  "value" : "10"
},{
  "dateTime" : "12/04/23 07:24:00",
  "value" : "10"
},{
  "dateTime" : "12/04/23 08:41:00",
  "value" : "10"
},{
  "dateTime" : "12/04/23 08:42:00",
  "value" : "10"
},{
  "dateTime" : "12/04/23 10:32:00",
  "value" : "20"
},{
  "dateTime" : "12/04/23 12:07:00",
  "value" : "10"
},{
  "dateTime" : "12/04/23 15:24:00",
  "value" : "10"
},{
  "dateTime" : "12/04/23 16:13:00",
  "value" : "10"
},{
  "dateTime" : "12/04/23 16:17:00",
  "value" : "10"
},{
  "dateTime" : "12/04/23 16:21:00",
  "value" : "10"
},{
  "dateTime" : "12/04/23 16:24:00",
  "value" : "40"
},{
  "dateTime" : "12/04/23 17:49:00",
  "value" : "10"
},{
  "dateTime" : "12/04/23 17:52:00",
  "value" : "10"
},{
  "dateTime" : "12/04/23 17:56:00",
  "value" : "10"
},{
  "dateTime" : "12/04/23 17:57:00",
  "value" : "10"
},{
  "dateTime" : "12/04/23 21:14:00",
  "value" : "10"
},{
  "dateTime" : "12/04/23 21:51:00",
  "value" : "10"
},{
  "dateTime" : "12/04/23 21:58:00",
  "value" : "30"
},{
  "dateTime" : "12/04/23 21:59:00",
  "value" : "10"
},{
  "dateTime" : "12/05/23 14:14:00",
  "value" : "10"
},{
  "dateTime" : "12/05/23 15:24:00",
  "value" : "10"
},{
  "dateTime" : "12/05/23 16:50:00",
  "value" : "10"
},{
  "dateTime" : "12/05/23 21:38:00",
  "value" : "10"
},{
  "dateTime" : "12/06/23 01:23:00",
  "value" : "10"
},{
  "dateTime" : "12/06/23 01:24:00",
  "value" : "20"
},{
  "dateTime" : "12/06/23 07:41:00",
  "value" : "10"
},{
  "dateTime" : "12/06/23 07:44:00",
  "value" : "20"
},{
  "dateTime" : "12/06/23 08:39:00",
  "value" : "10"
},{
  "dateTime" : "12/06/23 10:46:00",
  "value" : "10"
},{
  "dateTime" : "12/06/23 10:56:00",
  "value" : "10"
},{
  "dateTime" : "12/06/23 10:57:00",
  "value" : "10"
},{
  "dateTime" : "12/06/23 12:13:00",
  "value" : "10"
},{
  "dateTime" : "12/06/23 12:23:00",
  "value" : "10"
},{
  "dateTime" : "12/06/23 12:24:00",
  "value" : "20"
},{
  "dateTime" : "12/06/23 12:42:00",
  "value" : "10"
},{
  "dateTime" : "12/06/23 15:21:00",
  "value" : "10"
},{
  "dateTime" : "12/06/23 15:29:00",
  "value" : "10"
},{
  "dateTime" : "12/06/23 15:30:00",
  "value" : "10"
},{
  "dateTime" : "12/06/23 18:25:00",
  "value" : "10"
},{
  "dateTime" : "12/06/23 18:33:00",
  "value" : "10"
},{
  "dateTime" : "12/06/23 18:44:00",
  "value" : "10"
},{
  "dateTime" : "12/06/23 18:47:00",
  "value" : "10"
},{
  "dateTime" : "12/06/23 18:48:00",
  "value" : "10"
},{
  "dateTime" : "12/06/23 21:03:00",
  "value" : "10"
},{
  "dateTime" : "12/06/23 21:04:00",
  "value" : "10"
},{
  "dateTime" : "12/06/23 21:19:00",
  "value" : "10"
},{
  "dateTime" : "12/06/23 21:35:00",
  "value" : "10"
},{
  "dateTime" : "12/06/23 22:18:00",
  "value" : "10"
},{
  "dateTime" : "12/06/23 22:28:00",
  "value" : "10"
},{
  "dateTime" : "12/06/23 22:33:00",
  "value" : "10"
},{
  "dateTime" : "12/06/23 22:41:00",
  "value" : "10"
},{
  "dateTime" : "12/06/23 22:42:00",
  "value" : "10"
},{
  "dateTime" : "12/06/23 22:43:00",
  "value" : "20"
},{
  "dateTime" : "12/06/23 23:42:00",
  "value" : "10"
},{
  "dateTime" : "12/06/23 23:43:00",
  "value" : "10"
},{
  "dateTime" : "12/06/23 23:47:00",
  "value" : "10"
},{
  "dateTime" : "12/06/23 23:55:00",
  "value" : "20"
},{
  "dateTime" : "12/07/23 16:55:00",
  "value" : "10"
},{
  "dateTime" : "12/07/23 16:56:00",
  "value" : "10"
},{
  "dateTime" : "12/07/23 17:00:00",
  "value" : "20"
},{
  "dateTime" : "12/07/23 18:23:00",
  "value" : "10"
},{
  "dateTime" : "12/07/23 18:24:00",
  "value" : "20"
},{
  "dateTime" : "12/07/23 18:28:00",
  "value" : "10"
},{
  "dateTime" : "12/07/23 18:45:00",
  "value" : "10"
},{
  "dateTime" : "12/07/23 19:46:00",
  "value" : "10"
},{
  "dateTime" : "12/07/23 20:18:00",
  "value" : "10"
},{
  "dateTime" : "12/07/23 20:21:00",
  "value" : "10"
},{
  "dateTime" : "12/07/23 21:05:00",
  "value" : "20"
},{
  "dateTime" : "12/07/23 21:17:00",
  "value" : "20"
},{
  "dateTime" : "12/07/23 21:19:00",
  "value" : "10"
},{
  "dateTime" : "12/07/23 21:21:00",
  "value" : "10"
},{
  "dateTime" : "12/07/23 22:55:00",
  "value" : "10"
},{
  "dateTime" : "12/07/23 22:56:00",
  "value" : "10"
},{
  "dateTime" : "12/07/23 22:58:00",
  "value" : "10"
},{
  "dateTime" : "12/07/23 23:05:00",
  "value" : "10"
},{
  "dateTime" : "12/07/23 23:06:00",
  "value" : "10"
},{
  "dateTime" : "12/08/23 09:45:00",
  "value" : "10"
},{
  "dateTime" : "12/08/23 11:38:00",
  "value" : "10"
},{
  "dateTime" : "12/08/23 11:39:00",
  "value" : "20"
},{
  "dateTime" : "12/08/23 13:14:00",
  "value" : "10"
},{
  "dateTime" : "12/08/23 14:45:00",
  "value" : "10"
},{
  "dateTime" : "12/08/23 14:52:00",
  "value" : "10"
},{
  "dateTime" : "12/08/23 15:17:00",
  "value" : "10"
},{
  "dateTime" : "12/08/23 15:20:00",
  "value" : "20"
},{
  "dateTime" : "12/08/23 16:05:00",
  "value" : "10"
},{
  "dateTime" : "12/08/23 16:06:00",
  "value" : "30"
},{
  "dateTime" : "12/08/23 17:55:00",
  "value" : "10"
},{
  "dateTime" : "12/08/23 17:58:00",
  "value" : "10"
},{
  "dateTime" : "12/08/23 19:30:00",
  "value" : "20"
},{
  "dateTime" : "12/08/23 21:20:00",
  "value" : "20"
},{
  "dateTime" : "12/08/23 21:21:00",
  "value" : "30"
},{
  "dateTime" : "12/08/23 23:07:00",
  "value" : "10"
},{
  "dateTime" : "12/08/23 23:09:00",
  "value" : "10"
},{
  "dateTime" : "12/08/23 23:11:00",
  "value" : "10"
},{
  "dateTime" : "12/08/23 23:16:00",
  "value" : "10"
},{
  "dateTime" : "12/08/23 23:45:00",
  "value" : "10"
},{
  "dateTime" : "12/08/23 23:47:00",
  "value" : "10"
},{
  "dateTime" : "12/08/23 23:48:00",
  "value" : "10"
},{
  "dateTime" : "12/08/23 23:49:00",
  "value" : "10"
},{
  "dateTime" : "12/08/23 23:54:00",
  "value" : "10"
},{
  "dateTime" : "12/09/23 00:12:00",
  "value" : "10"
},{
  "dateTime" : "12/09/23 00:16:00",
  "value" : "10"
},{
  "dateTime" : "12/09/23 10:54:00",
  "value" : "10"
},{
  "dateTime" : "12/09/23 14:52:00",
  "value" : "10"
},{
  "dateTime" : "12/09/23 17:12:00",
  "value" : "10"
},{
  "dateTime" : "12/09/23 17:13:00",
  "value" : "10"
},{
  "dateTime" : "12/09/23 18:34:00",
  "value" : "20"
},{
  "dateTime" : "12/09/23 20:12:00",
  "value" : "20"
},{
  "dateTime" : "12/09/23 20:21:00",
  "value" : "10"
},{
  "dateTime" : "12/09/23 20:28:00",
  "value" : "10"
},{
  "dateTime" : "12/09/23 20:29:00",
  "value" : "10"
},{
  "dateTime" : "12/09/23 20:53:00",
  "value" : "10"
},{
  "dateTime" : "12/09/23 20:54:00",
  "value" : "10"
},{
  "dateTime" : "12/09/23 21:16:00",
  "value" : "10"
},{
  "dateTime" : "12/09/23 21:31:00",
  "value" : "10"
},{
  "dateTime" : "12/09/23 21:32:00",
  "value" : "20"
},{
  "dateTime" : "12/09/23 22:47:00",
  "value" : "10"
},{
  "dateTime" : "12/09/23 23:03:00",
  "value" : "10"
},{
  "dateTime" : "12/10/23 00:24:00",
  "value" : "10"
},{
  "dateTime" : "12/10/23 01:25:00",
  "value" : "10"
},{
  "dateTime" : "12/10/23 01:26:00",
  "value" : "30"
},{
  "dateTime" : "12/10/23 12:34:00",
  "value" : "10"
},{
  "dateTime" : "12/11/23 07:28:00",
  "value" : "10"
},{
  "dateTime" : "12/11/23 07:38:00",
  "value" : "10"
},{
  "dateTime" : "12/11/23 08:41:00",
  "value" : "10"
},{
  "dateTime" : "12/11/23 08:42:00",
  "value" : "10"
},{
  "dateTime" : "12/11/23 10:12:00",
  "value" : "10"
},{
  "dateTime" : "12/11/23 10:14:00",
  "value" : "10"
},{
  "dateTime" : "12/11/23 10:33:00",
  "value" : "10"
},{
  "dateTime" : "12/11/23 12:41:00",
  "value" : "10"
},{
  "dateTime" : "12/11/23 12:52:00",
  "value" : "10"
},{
  "dateTime" : "12/11/23 13:14:00",
  "value" : "10"
},{
  "dateTime" : "12/11/23 16:26:00",
  "value" : "10"
},{
  "dateTime" : "12/11/23 17:13:00",
  "value" : "10"
},{
  "dateTime" : "12/11/23 17:15:00",
  "value" : "10"
},{
  "dateTime" : "12/11/23 17:18:00",
  "value" : "10"
},{
  "dateTime" : "12/11/23 17:26:00",
  "value" : "10"
},{
  "dateTime" : "12/11/23 17:27:00",
  "value" : "20"
},{
  "dateTime" : "12/11/23 20:15:00",
  "value" : "10"
},{
  "dateTime" : "12/11/23 20:16:00",
  "value" : "20"
},{
  "dateTime" : "12/12/23 07:46:00",
  "value" : "20"
},{
  "dateTime" : "12/12/23 07:47:00",
  "value" : "10"
},{
  "dateTime" : "12/12/23 08:39:00",
  "value" : "10"
},{
  "dateTime" : "12/12/23 08:41:00",
  "value" : "10"
},{
  "dateTime" : "12/12/23 10:35:00",
  "value" : "10"
},{
  "dateTime" : "12/12/23 11:15:00",
  "value" : "10"
},{
  "dateTime" : "12/12/23 12:02:00",
  "value" : "30"
},{
  "dateTime" : "12/12/23 18:25:00",
  "value" : "10"
},{
  "dateTime" : "12/12/23 18:29:00",
  "value" : "30"
},{
  "dateTime" : "12/13/23 07:15:00",
  "value" : "10"
},{
  "dateTime" : "12/13/23 07:36:00",
  "value" : "10"
},{
  "dateTime" : "12/13/23 07:44:00",
  "value" : "20"
},{
  "dateTime" : "12/13/23 08:42:00",
  "value" : "10"
},{
  "dateTime" : "12/13/23 08:43:00",
  "value" : "10"
},{
  "dateTime" : "12/13/23 10:23:00",
  "value" : "10"
},{
  "dateTime" : "12/13/23 10:41:00",
  "value" : "10"
},{
  "dateTime" : "12/13/23 12:38:00",
  "value" : "10"
},{
  "dateTime" : "12/13/23 13:17:00",
  "value" : "10"
},{
  "dateTime" : "12/13/23 13:21:00",
  "value" : "10"
},{
  "dateTime" : "12/13/23 13:27:00",
  "value" : "10"
},{
  "dateTime" : "12/13/23 13:28:00",
  "value" : "20"
},{
  "dateTime" : "12/13/23 13:30:00",
  "value" : "10"
},{
  "dateTime" : "12/13/23 17:54:00",
  "value" : "10"
},{
  "dateTime" : "12/13/23 17:55:00",
  "value" : "10"
},{
  "dateTime" : "12/13/23 17:56:00",
  "value" : "10"
},{
  "dateTime" : "12/13/23 18:55:00",
  "value" : "10"
},{
  "dateTime" : "12/13/23 18:56:00",
  "value" : "10"
},{
  "dateTime" : "12/13/23 19:34:00",
  "value" : "10"
},{
  "dateTime" : "12/13/23 19:49:00",
  "value" : "10"
},{
  "dateTime" : "12/13/23 19:55:00",
  "value" : "10"
},{
  "dateTime" : "12/13/23 20:10:00",
  "value" : "10"
},{
  "dateTime" : "12/13/23 21:14:00",
  "value" : "20"
},{
  "dateTime" : "12/13/23 21:15:00",
  "value" : "10"
},{
  "dateTime" : "12/13/23 21:37:00",
  "value" : "10"
},{
  "dateTime" : "12/13/23 21:41:00",
  "value" : "10"
},{
  "dateTime" : "12/13/23 21:54:00",
  "value" : "30"
},{
  "dateTime" : "12/13/23 21:55:00",
  "value" : "10"
},{
  "dateTime" : "12/15/23 17:01:00",
  "value" : "20"
},{
  "dateTime" : "12/15/23 17:34:00",
  "value" : "10"
},{
  "dateTime" : "12/15/23 18:12:00",
  "value" : "10"
},{
  "dateTime" : "12/15/23 19:55:00",
  "value" : "10"
},{
  "dateTime" : "12/16/23 00:50:00",
  "value" : "20"
},{
  "dateTime" : "12/16/23 01:16:00",
  "value" : "10"
},{
  "dateTime" : "12/16/23 01:17:00",
  "value" : "10"
},{
  "dateTime" : "12/16/23 10:42:00",
  "value" : "20"
},{
  "dateTime" : "12/16/23 10:43:00",
  "value" : "10"
},{
  "dateTime" : "12/16/23 10:44:00",
  "value" : "10"
},{
  "dateTime" : "12/16/23 11:58:00",
  "value" : "20"
},{
  "dateTime" : "12/16/23 12:57:00",
  "value" : "10"
},{
  "dateTime" : "12/16/23 12:58:00",
  "value" : "10"
},{
  "dateTime" : "12/16/23 13:01:00",
  "value" : "10"
},{
  "dateTime" : "12/16/23 14:30:00",
  "value" : "10"
},{
  "dateTime" : "12/16/23 14:58:00",
  "value" : "10"
},{
  "dateTime" : "12/16/23 15:18:00",
  "value" : "10"
},{
  "dateTime" : "12/16/23 16:02:00",
  "value" : "20"
},{
  "dateTime" : "12/16/23 16:47:00",
  "value" : "10"
},{
  "dateTime" : "12/16/23 16:49:00",
  "value" : "10"
},{
  "dateTime" : "12/16/23 16:52:00",
  "value" : "10"
},{
  "dateTime" : "12/16/23 16:54:00",
  "value" : "10"
},{
  "dateTime" : "12/16/23 18:37:00",
  "value" : "10"
},{
  "dateTime" : "12/16/23 20:53:00",
  "value" : "20"
},{
  "dateTime" : "12/16/23 21:48:00",
  "value" : "10"
},{
  "dateTime" : "12/17/23 02:27:00",
  "value" : "30"
},{
  "dateTime" : "12/17/23 02:33:00",
  "value" : "10"
},{
  "dateTime" : "12/17/23 10:53:00",
  "value" : "10"
},{
  "dateTime" : "12/17/23 11:02:00",
  "value" : "10"
},{
  "dateTime" : "12/17/23 11:05:00",
  "value" : "10"
},{
  "dateTime" : "12/17/23 11:59:00",
  "value" : "10"
},{
  "dateTime" : "12/17/23 13:11:00",
  "value" : "10"
},{
  "dateTime" : "12/17/23 13:13:00",
  "value" : "10"
},{
  "dateTime" : "12/17/23 13:24:00",
  "value" : "10"
},{
  "dateTime" : "12/17/23 13:25:00",
  "value" : "10"
},{
  "dateTime" : "12/17/23 13:36:00",
  "value" : "10"
},{
  "dateTime" : "12/17/23 13:37:00",
  "value" : "30"
},{
  "dateTime" : "12/17/23 14:45:00",
  "value" : "10"
},{
  "dateTime" : "12/17/23 14:53:00",
  "value" : "20"
},{
  "dateTime" : "12/17/23 14:57:00",
  "value" : "20"
},{
  "dateTime" : "12/17/23 15:00:00",
  "value" : "10"
},{
  "dateTime" : "12/17/23 15:41:00",
  "value" : "10"
},{
  "dateTime" : "12/17/23 17:29:00",
  "value" : "10"
},{
  "dateTime" : "12/17/23 17:30:00",
  "value" : "10"
},{
  "dateTime" : "12/17/23 17:37:00",
  "value" : "10"
},{
  "dateTime" : "12/17/23 22:11:00",
  "value" : "10"
},{
  "dateTime" : "12/17/23 22:12:00",
  "value" : "10"
},{
  "dateTime" : "12/17/23 22:18:00",
  "value" : "10"
},{
  "dateTime" : "12/18/23 07:27:00",
  "value" : "10"
},{
  "dateTime" : "12/18/23 07:38:00",
  "value" : "10"
},{
  "dateTime" : "12/18/23 07:42:00",
  "value" : "20"
},{
  "dateTime" : "12/18/23 08:42:00",
  "value" : "10"
},{
  "dateTime" : "12/18/23 10:09:00",
  "value" : "10"
},{
  "dateTime" : "12/18/23 10:16:00",
  "value" : "10"
},{
  "dateTime" : "12/18/23 10:18:00",
  "value" : "10"
},{
  "dateTime" : "12/18/23 10:21:00",
  "value" : "20"
},{
  "dateTime" : "12/18/23 10:29:00",
  "value" : "10"
}]