[{
  "encodedId" : "228TPP",
  "badgeType" : "DAILY_STEPS",
  "value" : 20000,
  "timesAchieved" : 1,
  "dateTime" : "2023-12-06",
  "name" : "High Tops (20.000 stappen op een dag)",
  "shortName" : "High Tops",
  "earnedMessage" : "Congrats on earning your first High Tops badge!",
  "description" : "20.000 stappen op een dag",
  "category" : "Dagelijkse stappen",
  "shareText" : "Ik heb 20.000 stappen gezet en heb de High Tops-badge verdiend! #Fitbit"
},{
  "encodedId" : "228TMK",
  "badgeType" : "DAILY_STEPS",
  "value" : 15000,
  "timesAchieved" : 8,
  "dateTime" : "2023-12-17",
  "name" : "Urban Boot (15.000 stappen op een dag)",
  "shortName" : "Urban Boot",
  "earnedMessage" : "Congrats on earning your first Urban Boot badge!",
  "description" : "15.000 stappen op een dag",
  "category" : "Dagelijkse stappen",
  "shareText" : "Ik heb 15.000 stappen gezet en heb de Urban Boot-badge verdiend! #Fitbit"
},{
  "encodedId" : "228TQB",
  "badgeType" : "DAILY_STEPS",
  "value" : 10000,
  "timesAchieved" : 16,
  "dateTime" : "2023-12-17",
  "name" : "Sneakers (10.000 stappen op een dag)",
  "shortName" : "Sneakers",
  "earnedMessage" : "Congrats on earning your first Sneakers badge!",
  "description" : "10.000 stappen op een dag",
  "category" : "Dagelijkse stappen",
  "shareText" : "Ik heb 10.000 stappen gezet en heb de Sneakers-badge verdiend! #Fitbit"
},{
  "encodedId" : "228TQ4",
  "badgeType" : "DAILY_STEPS",
  "value" : 5000,
  "timesAchieved" : 19,
  "dateTime" : "2023-12-17",
  "name" : "Bootschoen (5.000 stappen op een dag)",
  "shortName" : "Bootschoen",
  "earnedMessage" : "Congrats on earning your first Bootschoen badge!",
  "description" : "5.000 stappen op een dag",
  "category" : "Dagelijkse stappen",
  "shareText" : "Ik heb 5.000 stappen gezet en heb de Bootschoen-badge verdiend! #Fitbit"
},{
  "encodedId" : "228TSZ",
  "badgeType" : "DAILY_FLOORS",
  "value" : 25,
  "timesAchieved" : 9,
  "dateTime" : "2023-12-17",
  "name" : "Redwood Forest (25 verdiepingen op een dag)",
  "shortName" : "Redwood Forest",
  "earnedMessage" : "Congrats on earning your first Redwood Forest badge!",
  "description" : "25 verdiepingen op een dag",
  "category" : "Klimmen per dag",
  "shareText" : "Ik heb 25 verdiepingen geklommen en heb de Redwood Forest-badge verdiend! #Fitbit"
},{
  "encodedId" : "228TTM",
  "badgeType" : "DAILY_FLOORS",
  "value" : 10,
  "timesAchieved" : 17,
  "dateTime" : "2023-12-18",
  "name" : "Happy Hill (10 verdiepingen op een dag)",
  "shortName" : "Happy Hill",
  "earnedMessage" : "Congrats on earning your first Happy Hill badge!",
  "description" : "10 verdiepingen op een dag",
  "category" : "Klimmen per dag",
  "shareText" : "Ik heb 10 verdiepingen geklommen en heb de Happy Hill-badge verdiend! #Fitbit"
},{
  "encodedId" : "22B8LP",
  "badgeType" : "LIFETIME_DISTANCE",
  "value" : 112,
  "unit" : "KILOMETERS",
  "timesAchieved" : 1,
  "dateTime" : "2023-12-07",
  "name" : "Penguin March (112 totaal aantal kilometers)",
  "shortName" : "Penguin March",
  "earnedMessage" : "Whoa! You've earned the Penguin March badge!",
  "description" : "112 totaal aantal kilometers",
  "category" : "Totaal afgelegde afstand",
  "shareText" : "Ik heb 112 kilometer met mijn #Fitbit afgelegd en heb de Penguin March-badge verdiend!"
},{
  "encodedId" : "22B8LN",
  "badgeType" : "LIFETIME_DISTANCE",
  "value" : 42,
  "unit" : "KILOMETERS",
  "timesAchieved" : 1,
  "dateTime" : "2023-12-01",
  "name" : "Marathon (42 totaal aantal kilometers)",
  "shortName" : "Marathon",
  "earnedMessage" : "Whoa! You've earned the Marathon badge!",
  "description" : "42 totaal aantal kilometers",
  "category" : "Totaal afgelegde afstand",
  "shareText" : "Ik heb 42 kilometer met mijn #Fitbit afgelegd en heb de Marathon-badge verdiend!"
}]