[{
  "dateTime" : "11/27/23 00:00:00",
  "value" : {
    "demographicVO2Max" : 45.061690000000006,
    "demographicVO2MaxError" : 3.0000000000000004,
    "filteredDemographicVO2Max" : 45.061690000000006,
    "filteredDemographicVO2MaxError" : 3.0000000000000004
  }
},{
  "dateTime" : "11/28/23 00:00:00",
  "value" : {
    "demographicVO2Max" : 44.291160000000005,
    "demographicVO2MaxError" : 3.0000000000000004,
    "filteredDemographicVO2Max" : 44.67324000000001,
    "filteredDemographicVO2MaxError" : 1.5123900000000001
  }
},{
  "dateTime" : "11/29/23 00:00:00",
  "value" : {
    "demographicVO2Max" : 44.863620000000004,
    "demographicVO2MaxError" : 3.0000000000000004,
    "filteredDemographicVO2Max" : 44.73843,
    "filteredDemographicVO2MaxError" : 1.0273400000000001
  }
},{
  "dateTime" : "11/30/23 00:00:00",
  "value" : {
    "demographicVO2Max" : 44.78876,
    "demographicVO2MaxError" : 3.0000000000000004,
    "filteredDemographicVO2Max" : 44.75173,
    "filteredDemographicVO2MaxError" : 0.7926700000000001
  }
},{
  "dateTime" : "12/01/23 00:00:00",
  "value" : {
    "demographicVO2Max" : 44.752770000000005,
    "demographicVO2MaxError" : 3.0000000000000004,
    "filteredDemographicVO2Max" : 44.75195,
    "filteredDemographicVO2MaxError" : 0.6578700000000001
  }
},{
  "dateTime" : "12/02/23 00:00:00",
  "value" : {
    "demographicVO2Max" : 44.1111,
    "demographicVO2MaxError" : 3.0000000000000004,
    "filteredDemographicVO2Max" : 44.6296,
    "filteredDemographicVO2MaxError" : 0.5727300000000001
  }
},{
  "dateTime" : "12/03/23 00:00:00",
  "value" : {
    "demographicVO2Max" : 43.930600000000005,
    "demographicVO2MaxError" : 3.0000000000000004,
    "filteredDemographicVO2Max" : 44.509440000000005,
    "filteredDemographicVO2MaxError" : 0.51568
  }
},{
  "dateTime" : "12/04/23 00:00:00",
  "value" : {
    "demographicVO2Max" : 44.12536,
    "demographicVO2MaxError" : 3.0000000000000004,
    "filteredDemographicVO2Max" : 44.4485,
    "filteredDemographicVO2MaxError" : 0.47593
  }
},{
  "dateTime" : "12/05/23 00:00:00",
  "value" : {
    "demographicVO2Max" : 44.039820000000006,
    "demographicVO2MaxError" : 3.0000000000000004,
    "filteredDemographicVO2Max" : 44.38754,
    "filteredDemographicVO2MaxError" : 0.44748000000000004
  }
},{
  "dateTime" : "12/06/23 00:00:00",
  "value" : {
    "demographicVO2Max" : 43.99924,
    "demographicVO2MaxError" : 3.0000000000000004,
    "filteredDemographicVO2Max" : 44.332300000000004,
    "filteredDemographicVO2MaxError" : 0.42671000000000003
  }
},{
  "dateTime" : "12/07/23 00:00:00",
  "value" : {
    "demographicVO2Max" : 44.166790000000006,
    "demographicVO2MaxError" : 3.0000000000000004,
    "filteredDemographicVO2Max" : 44.3096,
    "filteredDemographicVO2MaxError" : 0.41134000000000004
  }
},{
  "dateTime" : "12/08/23 00:00:00",
  "value" : {
    "demographicVO2Max" : 43.70015,
    "demographicVO2MaxError" : 3.0000000000000004,
    "filteredDemographicVO2Max" : 44.228370000000005,
    "filteredDemographicVO2MaxError" : 0.39985000000000004
  }
},{
  "dateTime" : "12/09/23 00:00:00",
  "value" : {
    "demographicVO2Max" : 43.44048,
    "demographicVO2MaxError" : 3.0000000000000004,
    "filteredDemographicVO2Max" : 44.12563,
    "filteredDemographicVO2MaxError" : 0.39119000000000004
  }
},{
  "dateTime" : "12/10/23 00:00:00",
  "value" : {
    "demographicVO2Max" : 42.731010000000005,
    "demographicVO2MaxError" : 3.0000000000000004,
    "filteredDemographicVO2Max" : 43.94682,
    "filteredDemographicVO2MaxError" : 0.38462
  }
},{
  "dateTime" : "12/11/23 00:00:00",
  "value" : {
    "demographicVO2Max" : 43.505770000000005,
    "demographicVO2MaxError" : 3.0000000000000004,
    "filteredDemographicVO2Max" : 43.89101,
    "filteredDemographicVO2MaxError" : 0.37962
  }
},{
  "dateTime" : "12/12/23 00:00:00",
  "value" : {
    "demographicVO2Max" : 44.08914,
    "demographicVO2MaxError" : 3.0000000000000004,
    "filteredDemographicVO2Max" : 43.915820000000004,
    "filteredDemographicVO2MaxError" : 0.3758
  }
},{
  "dateTime" : "12/13/23 00:00:00",
  "value" : {
    "demographicVO2Max" : 43.93856,
    "demographicVO2MaxError" : 3.0000000000000004,
    "filteredDemographicVO2Max" : 43.91864,
    "filteredDemographicVO2MaxError" : 0.37287000000000003
  }
},{
  "dateTime" : "12/14/23 00:00:00",
  "value" : {
    "demographicVO2Max" : 44.59252,
    "demographicVO2MaxError" : 3.0000000000000004,
    "filteredDemographicVO2Max" : 44.00189,
    "filteredDemographicVO2MaxError" : 0.37062
  }
},{
  "dateTime" : "12/15/23 00:00:00",
  "value" : {
    "demographicVO2Max" : 44.94189,
    "demographicVO2MaxError" : 3.0000000000000004,
    "filteredDemographicVO2Max" : 44.117470000000004,
    "filteredDemographicVO2MaxError" : 0.36889000000000005
  }
},{
  "dateTime" : "12/16/23 00:00:00",
  "value" : {
    "demographicVO2Max" : 44.986160000000005,
    "demographicVO2MaxError" : 3.0000000000000004,
    "filteredDemographicVO2Max" : 44.2239,
    "filteredDemographicVO2MaxError" : 0.36756000000000005
  }
},{
  "dateTime" : "12/17/23 00:00:00",
  "value" : {
    "demographicVO2Max" : 45.229620000000004,
    "demographicVO2MaxError" : 3.0000000000000004,
    "filteredDemographicVO2Max" : 44.34678,
    "filteredDemographicVO2MaxError" : 0.36654000000000003
  }
},{
  "dateTime" : "12/18/23 00:00:00",
  "value" : {
    "demographicVO2Max" : 45.24313,
    "demographicVO2MaxError" : 3.0000000000000004,
    "filteredDemographicVO2Max" : 44.45606,
    "filteredDemographicVO2MaxError" : 0.36576000000000003
  }
}]