[{
  "logId" : 60107563440,
  "activityName" : "Wandelen",
  "activityTypeId" : 90013,
  "activityLevel" : [{
    "minutes" : 0,
    "name" : "sedentary"
  },{
    "minutes" : 1,
    "name" : "lightly"
  },{
    "minutes" : 4,
    "name" : "fairly"
  },{
    "minutes" : 18,
    "name" : "very"
  }],
  "averageHeartRate" : 98,
  "calories" : 195,
  "duration" : 1434000,
  "activeDuration" : 1434000,
  "steps" : 2012,
  "logType" : "auto_detected",
  "manualValuesSpecified" : {
    "calories" : false,
    "distance" : false,
    "steps" : false
  },
  "heartRateZones" : [{
    "name" : "Buiten bereik",
    "min" : 30,
    "max" : 83,
    "minutes" : 2
  },{
    "name" : "Vetverbranding",
    "min" : 83,
    "max" : 116,
    "minutes" : 20
  },{
    "name" : "Cardio",
    "min" : 116,
    "max" : 141,
    "minutes" : 1
  },{
    "name" : "Piek",
    "min" : 141,
    "max" : 220,
    "minutes" : 0
  }],
  "lastModified" : "11/27/23 14:16:54",
  "startTime" : "11/27/23 13:38:30",
  "originalStartTime" : "11/27/23 13:38:30",
  "originalDuration" : 1434000,
  "elevationGain" : 9.144,
  "hasGps" : false,
  "shouldFetchDetails" : false,
  "hasActiveZoneMinutes" : false
},{
  "logId" : 60042870161,
  "activityName" : "Hardlopen",
  "activityTypeId" : 90009,
  "activityLevel" : [{
    "minutes" : 0,
    "name" : "sedentary"
  },{
    "minutes" : 0,
    "name" : "lightly"
  },{
    "minutes" : 0,
    "name" : "fairly"
  },{
    "minutes" : 0,
    "name" : "very"
  }],
  "averageHeartRate" : 69,
  "calories" : 2,
  "distance" : 0.0,
  "distanceUnit" : "Kilometer",
  "duration" : 50000,
  "activeDuration" : 46000,
  "steps" : 4,
  "source" : {
    "type" : "tracker",
    "name" : "Charge 3",
    "id" : "140287678",
    "url" : "https://www.fitbit.com/",
    "trackerFeatures" : ["CALORIES","PACE","ELEVATION","DISTANCE","STEPS","VO2_MAX","HEARTRATE","GPS"]
  },
  "logType" : "tracker",
  "manualValuesSpecified" : {
    "calories" : false,
    "distance" : false,
    "steps" : false
  },
  "tcxLink" : "https://www.fitbit.com/activities/exercise/60042870161?export=tcx",
  "heartRateZones" : [{
    "name" : "Buiten bereik",
    "min" : 30,
    "max" : 83,
    "minutes" : 1
  },{
    "name" : "Vetverbranding",
    "min" : 83,
    "max" : 116,
    "minutes" : 0
  },{
    "name" : "Cardio",
    "min" : 116,
    "max" : 141,
    "minutes" : 0
  },{
    "name" : "Piek",
    "min" : 141,
    "max" : 220,
    "minutes" : 0
  }],
  "speed" : 0.0,
  "lastModified" : "11/27/23 14:17:16",
  "startTime" : "11/27/23 14:16:19",
  "originalStartTime" : "11/27/23 14:16:19",
  "originalDuration" : 50000,
  "elevationGain" : 0.0,
  "hasGps" : true,
  "shouldFetchDetails" : true,
  "hasActiveZoneMinutes" : false
},{
  "logId" : 60145402578,
  "activityName" : "Wandelen",
  "activityTypeId" : 90013,
  "activityLevel" : [{
    "minutes" : 0,
    "name" : "sedentary"
  },{
    "minutes" : 0,
    "name" : "lightly"
  },{
    "minutes" : 1,
    "name" : "fairly"
  },{
    "minutes" : 17,
    "name" : "very"
  }],
  "averageHeartRate" : 104,
  "calories" : 161,
  "duration" : 1076000,
  "activeDuration" : 1076000,
  "steps" : 1726,
  "logType" : "auto_detected",
  "manualValuesSpecified" : {
    "calories" : false,
    "distance" : false,
    "steps" : false
  },
  "heartRateZones" : [{
    "name" : "Buiten bereik",
    "min" : 30,
    "max" : 83,
    "minutes" : 0
  },{
    "name" : "Vetverbranding",
    "min" : 83,
    "max" : 116,
    "minutes" : 18
  },{
    "name" : "Cardio",
    "min" : 116,
    "max" : 141,
    "minutes" : 0
  },{
    "name" : "Piek",
    "min" : 141,
    "max" : 220,
    "minutes" : 0
  }],
  "lastModified" : "11/29/23 09:44:36",
  "startTime" : "11/29/23 09:14:05",
  "originalStartTime" : "11/29/23 09:14:05",
  "originalDuration" : 1076000,
  "elevationGain" : 3.048,
  "hasGps" : false,
  "shouldFetchDetails" : false,
  "hasActiveZoneMinutes" : false
},{
  "logId" : 60176250918,
  "activityName" : "Wandelen",
  "activityTypeId" : 90013,
  "activityLevel" : [{
    "minutes" : 1,
    "name" : "sedentary"
  },{
    "minutes" : 0,
    "name" : "lightly"
  },{
    "minutes" : 0,
    "name" : "fairly"
  },{
    "minutes" : 20,
    "name" : "very"
  }],
  "averageHeartRate" : 103,
  "calories" : 183,
  "duration" : 1280000,
  "activeDuration" : 1280000,
  "steps" : 2101,
  "logType" : "auto_detected",
  "manualValuesSpecified" : {
    "calories" : false,
    "distance" : false,
    "steps" : false
  },
  "heartRateZones" : [{
    "name" : "Buiten bereik",
    "min" : 30,
    "max" : 83,
    "minutes" : 0
  },{
    "name" : "Vetverbranding",
    "min" : 83,
    "max" : 116,
    "minutes" : 22
  },{
    "name" : "Cardio",
    "min" : 116,
    "max" : 141,
    "minutes" : 0
  },{
    "name" : "Piek",
    "min" : 141,
    "max" : 220,
    "minutes" : 0
  }],
  "lastModified" : "11/30/23 14:37:01",
  "startTime" : "11/30/23 13:46:55",
  "originalStartTime" : "11/30/23 13:46:55",
  "originalDuration" : 1280000,
  "elevationGain" : 0.0,
  "hasGps" : false,
  "shouldFetchDetails" : false,
  "hasActiveZoneMinutes" : false
},{
  "logId" : 60197110580,
  "activityName" : "Wandelen",
  "activityTypeId" : 90013,
  "activityLevel" : [{
    "minutes" : 0,
    "name" : "sedentary"
  },{
    "minutes" : 0,
    "name" : "lightly"
  },{
    "minutes" : 1,
    "name" : "fairly"
  },{
    "minutes" : 22,
    "name" : "very"
  }],
  "averageHeartRate" : 110,
  "calories" : 224,
  "duration" : 1381000,
  "activeDuration" : 1381000,
  "steps" : 2234,
  "logType" : "auto_detected",
  "manualValuesSpecified" : {
    "calories" : false,
    "distance" : false,
    "steps" : false
  },
  "heartRateZones" : [{
    "name" : "Buiten bereik",
    "min" : 30,
    "max" : 83,
    "minutes" : 0
  },{
    "name" : "Vetverbranding",
    "min" : 83,
    "max" : 116,
    "minutes" : 10
  },{
    "name" : "Cardio",
    "min" : 116,
    "max" : 141,
    "minutes" : 11
  },{
    "name" : "Piek",
    "min" : 141,
    "max" : 220,
    "minutes" : 0
  }],
  "lastModified" : "12/01/23 19:15:13",
  "startTime" : "12/01/23 18:34:16",
  "originalStartTime" : "12/01/23 18:34:16",
  "originalDuration" : 1381000,
  "elevationGain" : 0.0,
  "hasGps" : false,
  "shouldFetchDetails" : false,
  "hasActiveZoneMinutes" : false
},{
  "logId" : 60208774209,
  "activityName" : "Wandelen",
  "activityTypeId" : 90013,
  "activityLevel" : [{
    "minutes" : 0,
    "name" : "sedentary"
  },{
    "minutes" : 2,
    "name" : "lightly"
  },{
    "minutes" : 14,
    "name" : "fairly"
  },{
    "minutes" : 24,
    "name" : "very"
  }],
  "averageHeartRate" : 105,
  "calories" : 306,
  "duration" : 2457000,
  "activeDuration" : 2457000,
  "steps" : 2439,
  "logType" : "auto_detected",
  "manualValuesSpecified" : {
    "calories" : false,
    "distance" : false,
    "steps" : false
  },
  "heartRateZones" : [{
    "name" : "Buiten bereik",
    "min" : 30,
    "max" : 83,
    "minutes" : 1
  },{
    "name" : "Vetverbranding",
    "min" : 83,
    "max" : 116,
    "minutes" : 36
  },{
    "name" : "Cardio",
    "min" : 116,
    "max" : 141,
    "minutes" : 3
  },{
    "name" : "Piek",
    "min" : 141,
    "max" : 220,
    "minutes" : 0
  }],
  "lastModified" : "12/02/23 14:59:50",
  "startTime" : "12/02/23 14:14:35",
  "originalStartTime" : "12/02/23 14:14:35",
  "originalDuration" : 2457000,
  "elevationGain" : 3.048,
  "hasGps" : false,
  "shouldFetchDetails" : false,
  "hasActiveZoneMinutes" : false
},{
  "logId" : 60223073028,
  "activityName" : "Wandelen",
  "activityTypeId" : 90013,
  "activityLevel" : [{
    "minutes" : 0,
    "name" : "sedentary"
  },{
    "minutes" : 4,
    "name" : "lightly"
  },{
    "minutes" : 4,
    "name" : "fairly"
  },{
    "minutes" : 12,
    "name" : "very"
  }],
  "averageHeartRate" : 101,
  "calories" : 154,
  "duration" : 1178000,
  "activeDuration" : 1178000,
  "steps" : 1425,
  "logType" : "auto_detected",
  "manualValuesSpecified" : {
    "calories" : false,
    "distance" : false,
    "steps" : false
  },
  "heartRateZones" : [{
    "name" : "Buiten bereik",
    "min" : 30,
    "max" : 83,
    "minutes" : 2
  },{
    "name" : "Vetverbranding",
    "min" : 83,
    "max" : 116,
    "minutes" : 16
  },{
    "name" : "Cardio",
    "min" : 116,
    "max" : 141,
    "minutes" : 2
  },{
    "name" : "Piek",
    "min" : 141,
    "max" : 220,
    "minutes" : 0
  }],
  "lastModified" : "12/03/23 10:32:12",
  "startTime" : "12/03/23 10:01:50",
  "originalStartTime" : "12/03/23 10:01:50",
  "originalDuration" : 1178000,
  "elevationGain" : 12.192,
  "hasGps" : false,
  "shouldFetchDetails" : false,
  "hasActiveZoneMinutes" : false
},{
  "logId" : 60241515379,
  "activityName" : "Wandelen",
  "activityTypeId" : 90013,
  "activityLevel" : [{
    "minutes" : 1,
    "name" : "sedentary"
  },{
    "minutes" : 14,
    "name" : "lightly"
  },{
    "minutes" : 4,
    "name" : "fairly"
  },{
    "minutes" : 8,
    "name" : "very"
  }],
  "averageHeartRate" : 99,
  "calories" : 203,
  "duration" : 1638000,
  "activeDuration" : 1638000,
  "steps" : 1977,
  "logType" : "auto_detected",
  "manualValuesSpecified" : {
    "calories" : false,
    "distance" : false,
    "steps" : false
  },
  "heartRateZones" : [{
    "name" : "Buiten bereik",
    "min" : 30,
    "max" : 83,
    "minutes" : 2
  },{
    "name" : "Vetverbranding",
    "min" : 83,
    "max" : 116,
    "minutes" : 25
  },{
    "name" : "Cardio",
    "min" : 116,
    "max" : 141,
    "minutes" : 0
  },{
    "name" : "Piek",
    "min" : 141,
    "max" : 220,
    "minutes" : 0
  }],
  "lastModified" : "12/04/23 14:43:08",
  "startTime" : "12/04/23 14:01:22",
  "originalStartTime" : "12/04/23 14:01:22",
  "originalDuration" : 1638000,
  "elevationGain" : 3.048,
  "hasGps" : false,
  "shouldFetchDetails" : false,
  "hasActiveZoneMinutes" : false
},{
  "logId" : 60270935988,
  "activityName" : "Wandelen",
  "activityTypeId" : 90013,
  "activityLevel" : [{
    "minutes" : 0,
    "name" : "sedentary"
  },{
    "minutes" : 0,
    "name" : "lightly"
  },{
    "minutes" : 6,
    "name" : "fairly"
  },{
    "minutes" : 53,
    "name" : "very"
  }],
  "averageHeartRate" : 114,
  "calories" : 569,
  "duration" : 3532000,
  "activeDuration" : 3532000,
  "steps" : 5155,
  "logType" : "auto_detected",
  "manualValuesSpecified" : {
    "calories" : false,
    "distance" : false,
    "steps" : false
  },
  "heartRateZones" : [{
    "name" : "Buiten bereik",
    "min" : 30,
    "max" : 83,
    "minutes" : 0
  },{
    "name" : "Vetverbranding",
    "min" : 83,
    "max" : 116,
    "minutes" : 34
  },{
    "name" : "Cardio",
    "min" : 116,
    "max" : 141,
    "minutes" : 24
  },{
    "name" : "Piek",
    "min" : 141,
    "max" : 220,
    "minutes" : 1
  }],
  "lastModified" : "12/05/23 21:27:10",
  "startTime" : "12/05/23 20:13:41",
  "originalStartTime" : "12/05/23 20:13:41",
  "originalDuration" : 3532000,
  "elevationGain" : 3.048,
  "hasGps" : false,
  "shouldFetchDetails" : false,
  "hasActiveZoneMinutes" : false
},{
  "logId" : 60283165770,
  "activityName" : "Wandelen",
  "activityTypeId" : 90013,
  "activityLevel" : [{
    "minutes" : 1,
    "name" : "sedentary"
  },{
    "minutes" : 1,
    "name" : "lightly"
  },{
    "minutes" : 0,
    "name" : "fairly"
  },{
    "minutes" : 15,
    "name" : "very"
  }],
  "averageHeartRate" : 102,
  "calories" : 139,
  "duration" : 1024000,
  "activeDuration" : 1024000,
  "steps" : 1563,
  "logType" : "auto_detected",
  "manualValuesSpecified" : {
    "calories" : false,
    "distance" : false,
    "steps" : false
  },
  "heartRateZones" : [{
    "name" : "Buiten bereik",
    "min" : 30,
    "max" : 83,
    "minutes" : 1
  },{
    "name" : "Vetverbranding",
    "min" : 83,
    "max" : 116,
    "minutes" : 16
  },{
    "name" : "Cardio",
    "min" : 116,
    "max" : 141,
    "minutes" : 0
  },{
    "name" : "Piek",
    "min" : 141,
    "max" : 220,
    "minutes" : 0
  }],
  "lastModified" : "12/06/23 10:02:34",
  "startTime" : "12/06/23 09:42:15",
  "originalStartTime" : "12/06/23 09:42:15",
  "originalDuration" : 1024000,
  "elevationGain" : 9.144,
  "hasGps" : false,
  "shouldFetchDetails" : false,
  "hasActiveZoneMinutes" : false
},{
  "logId" : 60287162428,
  "activityName" : "Wandelen",
  "activityTypeId" : 90013,
  "activityLevel" : [{
    "minutes" : 1,
    "name" : "sedentary"
  },{
    "minutes" : 2,
    "name" : "lightly"
  },{
    "minutes" : 7,
    "name" : "fairly"
  },{
    "minutes" : 13,
    "name" : "very"
  }],
  "averageHeartRate" : 97,
  "calories" : 169,
  "duration" : 1383000,
  "activeDuration" : 1383000,
  "steps" : 1797,
  "logType" : "auto_detected",
  "manualValuesSpecified" : {
    "calories" : false,
    "distance" : false,
    "steps" : false
  },
  "heartRateZones" : [{
    "name" : "Buiten bereik",
    "min" : 30,
    "max" : 83,
    "minutes" : 2
  },{
    "name" : "Vetverbranding",
    "min" : 83,
    "max" : 116,
    "minutes" : 21
  },{
    "name" : "Cardio",
    "min" : 116,
    "max" : 141,
    "minutes" : 0
  },{
    "name" : "Piek",
    "min" : 141,
    "max" : 220,
    "minutes" : 0
  }],
  "lastModified" : "12/06/23 15:06:33",
  "startTime" : "12/06/23 14:30:42",
  "originalStartTime" : "12/06/23 14:30:42",
  "originalDuration" : 1383000,
  "elevationGain" : 0.0,
  "hasGps" : false,
  "shouldFetchDetails" : false,
  "hasActiveZoneMinutes" : false
},{
  "logId" : 60293818414,
  "activityName" : "Wandelen",
  "activityTypeId" : 90013,
  "activityLevel" : [{
    "minutes" : 1,
    "name" : "sedentary"
  },{
    "minutes" : 0,
    "name" : "lightly"
  },{
    "minutes" : 2,
    "name" : "fairly"
  },{
    "minutes" : 62,
    "name" : "very"
  }],
  "averageHeartRate" : 123,
  "calories" : 697,
  "duration" : 3944000,
  "activeDuration" : 3944000,
  "steps" : 6118,
  "logType" : "auto_detected",
  "manualValuesSpecified" : {
    "calories" : false,
    "distance" : false,
    "steps" : false
  },
  "heartRateZones" : [{
    "name" : "Buiten bereik",
    "min" : 30,
    "max" : 83,
    "minutes" : 0
  },{
    "name" : "Vetverbranding",
    "min" : 83,
    "max" : 116,
    "minutes" : 17
  },{
    "name" : "Cardio",
    "min" : 116,
    "max" : 141,
    "minutes" : 45
  },{
    "name" : "Piek",
    "min" : 141,
    "max" : 220,
    "minutes" : 4
  }],
  "lastModified" : "12/06/23 22:01:34",
  "startTime" : "12/06/23 20:47:58",
  "originalStartTime" : "12/06/23 20:47:58",
  "originalDuration" : 3944000,
  "elevationGain" : 21.336,
  "hasGps" : false,
  "shouldFetchDetails" : false,
  "hasActiveZoneMinutes" : false
},{
  "logId" : 60309114271,
  "activityName" : "Wandelen",
  "activityTypeId" : 90013,
  "activityLevel" : [{
    "minutes" : 2,
    "name" : "sedentary"
  },{
    "minutes" : 1,
    "name" : "lightly"
  },{
    "minutes" : 5,
    "name" : "fairly"
  },{
    "minutes" : 13,
    "name" : "very"
  }],
  "averageHeartRate" : 104,
  "calories" : 163,
  "duration" : 1281000,
  "activeDuration" : 1281000,
  "steps" : 1609,
  "logType" : "auto_detected",
  "manualValuesSpecified" : {
    "calories" : false,
    "distance" : false,
    "steps" : false
  },
  "heartRateZones" : [{
    "name" : "Buiten bereik",
    "min" : 30,
    "max" : 83,
    "minutes" : 0
  },{
    "name" : "Vetverbranding",
    "min" : 83,
    "max" : 116,
    "minutes" : 18
  },{
    "name" : "Cardio",
    "min" : 116,
    "max" : 141,
    "minutes" : 3
  },{
    "name" : "Piek",
    "min" : 141,
    "max" : 220,
    "minutes" : 0
  }],
  "lastModified" : "12/07/23 16:36:12",
  "startTime" : "12/07/23 15:52:23",
  "originalStartTime" : "12/07/23 15:52:23",
  "originalDuration" : 1281000,
  "elevationGain" : 12.192,
  "hasGps" : false,
  "shouldFetchDetails" : false,
  "hasActiveZoneMinutes" : false
},{
  "logId" : 60310248056,
  "activityName" : "Wandelen",
  "activityTypeId" : 90013,
  "activityLevel" : [{
    "minutes" : 0,
    "name" : "sedentary"
  },{
    "minutes" : 1,
    "name" : "lightly"
  },{
    "minutes" : 7,
    "name" : "fairly"
  },{
    "minutes" : 20,
    "name" : "very"
  }],
  "averageHeartRate" : 101,
  "calories" : 220,
  "duration" : 1638000,
  "activeDuration" : 1638000,
  "steps" : 2330,
  "logType" : "auto_detected",
  "manualValuesSpecified" : {
    "calories" : false,
    "distance" : false,
    "steps" : false
  },
  "heartRateZones" : [{
    "name" : "Buiten bereik",
    "min" : 30,
    "max" : 83,
    "minutes" : 0
  },{
    "name" : "Vetverbranding",
    "min" : 83,
    "max" : 116,
    "minutes" : 27
  },{
    "name" : "Cardio",
    "min" : 116,
    "max" : 141,
    "minutes" : 0
  },{
    "name" : "Piek",
    "min" : 141,
    "max" : 220,
    "minutes" : 0
  }],
  "lastModified" : "12/07/23 17:59:07",
  "startTime" : "12/07/23 17:22:51",
  "originalStartTime" : "12/07/23 17:22:51",
  "originalDuration" : 1638000,
  "elevationGain" : 15.24,
  "hasGps" : false,
  "shouldFetchDetails" : false,
  "hasActiveZoneMinutes" : false
},{
  "logId" : 60313661108,
  "activityName" : "Hardlopen",
  "activityTypeId" : 90009,
  "activityLevel" : [{
    "minutes" : 0,
    "name" : "sedentary"
  },{
    "minutes" : 0,
    "name" : "lightly"
  },{
    "minutes" : 0,
    "name" : "fairly"
  },{
    "minutes" : 48,
    "name" : "very"
  }],
  "calories" : 723,
  "distance" : 7.960877,
  "distanceUnit" : "Kilometer",
  "duration" : 2828000,
  "activeDuration" : 2828000,
  "steps" : 6863,
  "source" : {
    "type" : "app",
    "name" : "Fitbit for Android",
    "id" : "228VSR",
    "url" : "https://www.fitbit.com/android",
    "trackerFeatures" : ["CALORIES","PACE","DISTANCE","STEPS","GPS"]
  },
  "logType" : "mobile_run",
  "manualValuesSpecified" : {
    "calories" : false,
    "distance" : false,
    "steps" : false
  },
  "tcxLink" : "https://www.fitbit.com/activities/exercise/60313661108?export=tcx",
  "speed" : 10.134072560113154,
  "pace" : 355.2372433338689,
  "lastModified" : "12/07/23 21:07:04",
  "startTime" : "12/07/23 20:19:54",
  "originalStartTime" : "12/07/23 20:19:54",
  "originalDuration" : 2828000,
  "hasGps" : true,
  "shouldFetchDetails" : true,
  "hasActiveZoneMinutes" : false
},{
  "logId" : 60242238464,
  "activityName" : "Hardlopen",
  "activityTypeId" : 90009,
  "activityLevel" : [{
    "minutes" : 0,
    "name" : "sedentary"
  },{
    "minutes" : 0,
    "name" : "lightly"
  },{
    "minutes" : 1,
    "name" : "fairly"
  },{
    "minutes" : 50,
    "name" : "very"
  }],
  "averageHeartRate" : 147,
  "calories" : 749,
  "distance" : 7.779328,
  "distanceUnit" : "Kilometer",
  "duration" : 3060000,
  "activeDuration" : 3052000,
  "steps" : 7254,
  "source" : {
    "type" : "tracker",
    "name" : "Charge 3",
    "id" : "140287678",
    "url" : "https://www.fitbit.com/",
    "trackerFeatures" : ["CALORIES","PACE","ELEVATION","DISTANCE","STEPS","VO2_MAX","HEARTRATE","GPS"]
  },
  "logType" : "tracker",
  "manualValuesSpecified" : {
    "calories" : false,
    "distance" : false,
    "steps" : false
  },
  "tcxLink" : "https://www.fitbit.com/activities/exercise/60242238464?export=tcx",
  "heartRateZones" : [{
    "name" : "Buiten bereik",
    "min" : 30,
    "max" : 83,
    "minutes" : 0
  },{
    "name" : "Vetverbranding",
    "min" : 83,
    "max" : 116,
    "minutes" : 4
  },{
    "name" : "Cardio",
    "min" : 116,
    "max" : 141,
    "minutes" : 9
  },{
    "name" : "Piek",
    "min" : 141,
    "max" : 220,
    "minutes" : 38
  }],
  "speed" : 9.189931847968545,
  "pace" : 391.7330465073893,
  "lastModified" : "12/07/23 21:11:18",
  "startTime" : "12/07/23 20:20:12",
  "originalStartTime" : "12/07/23 20:20:12",
  "originalDuration" : 3060000,
  "elevationGain" : 5.486,
  "hasGps" : true,
  "shouldFetchDetails" : true,
  "hasActiveZoneMinutes" : false
},{
  "logId" : 60350148294,
  "activityName" : "Aerobic Workout",
  "activityTypeId" : 3001,
  "activityLevel" : [{
    "minutes" : 0,
    "name" : "sedentary"
  },{
    "minutes" : 2,
    "name" : "lightly"
  },{
    "minutes" : 15,
    "name" : "fairly"
  },{
    "minutes" : 3,
    "name" : "very"
  }],
  "averageHeartRate" : 98,
  "calories" : 131,
  "duration" : 1229000,
  "activeDuration" : 1229000,
  "steps" : 972,
  "logType" : "auto_detected",
  "manualValuesSpecified" : {
    "calories" : false,
    "distance" : false,
    "steps" : false
  },
  "heartRateZones" : [{
    "name" : "Buiten bereik",
    "min" : 30,
    "max" : 83,
    "minutes" : 1
  },{
    "name" : "Vetverbranding",
    "min" : 83,
    "max" : 116,
    "minutes" : 20
  },{
    "name" : "Cardio",
    "min" : 116,
    "max" : 141,
    "minutes" : 0
  },{
    "name" : "Piek",
    "min" : 141,
    "max" : 220,
    "minutes" : 0
  }],
  "lastModified" : "12/09/23 19:44:39",
  "startTime" : "12/09/23 19:10:46",
  "originalStartTime" : "12/09/23 19:10:46",
  "originalDuration" : 1229000,
  "hasGps" : false,
  "shouldFetchDetails" : false,
  "hasActiveZoneMinutes" : false
},{
  "logId" : 60372480255,
  "activityName" : "Wandelen",
  "activityTypeId" : 90013,
  "activityLevel" : [{
    "minutes" : 4,
    "name" : "sedentary"
  },{
    "minutes" : 15,
    "name" : "lightly"
  },{
    "minutes" : 8,
    "name" : "fairly"
  },{
    "minutes" : 19,
    "name" : "very"
  }],
  "averageHeartRate" : 96,
  "calories" : 311,
  "duration" : 2766000,
  "activeDuration" : 2766000,
  "steps" : 3265,
  "logType" : "auto_detected",
  "manualValuesSpecified" : {
    "calories" : false,
    "distance" : false,
    "steps" : false
  },
  "heartRateZones" : [{
    "name" : "Buiten bereik",
    "min" : 30,
    "max" : 83,
    "minutes" : 0
  },{
    "name" : "Vetverbranding",
    "min" : 83,
    "max" : 116,
    "minutes" : 43
  },{
    "name" : "Cardio",
    "min" : 116,
    "max" : 141,
    "minutes" : 0
  },{
    "name" : "Piek",
    "min" : 141,
    "max" : 220,
    "minutes" : 0
  }],
  "lastModified" : "12/11/23 12:25:36",
  "startTime" : "12/11/23 11:30:16",
  "originalStartTime" : "12/11/23 11:30:16",
  "originalDuration" : 2766000,
  "elevationGain" : 9.144,
  "hasGps" : false,
  "shouldFetchDetails" : false,
  "hasActiveZoneMinutes" : false
},{
  "logId" : 60406418692,
  "activityName" : "Wandelen",
  "activityTypeId" : 90013,
  "activityLevel" : [{
    "minutes" : 0,
    "name" : "sedentary"
  },{
    "minutes" : 0,
    "name" : "lightly"
  },{
    "minutes" : 3,
    "name" : "fairly"
  },{
    "minutes" : 14,
    "name" : "very"
  }],
  "averageHeartRate" : 105,
  "calories" : 152,
  "duration" : 1025000,
  "activeDuration" : 1025000,
  "steps" : 1605,
  "logType" : "auto_detected",
  "manualValuesSpecified" : {
    "calories" : false,
    "distance" : false,
    "steps" : false
  },
  "heartRateZones" : [{
    "name" : "Buiten bereik",
    "min" : 30,
    "max" : 83,
    "minutes" : 0
  },{
    "name" : "Vetverbranding",
    "min" : 83,
    "max" : 116,
    "minutes" : 16
  },{
    "name" : "Cardio",
    "min" : 116,
    "max" : 141,
    "minutes" : 1
  },{
    "name" : "Piek",
    "min" : 141,
    "max" : 220,
    "minutes" : 0
  }],
  "lastModified" : "12/13/23 09:31:34",
  "startTime" : "12/13/23 09:08:32",
  "originalStartTime" : "12/13/23 09:08:32",
  "originalDuration" : 1025000,
  "elevationGain" : 3.048,
  "hasGps" : false,
  "shouldFetchDetails" : false,
  "hasActiveZoneMinutes" : false
},{
  "logId" : 60422559667,
  "activityName" : "Wandelen",
  "activityTypeId" : 90013,
  "activityLevel" : [{
    "minutes" : 3,
    "name" : "sedentary"
  },{
    "minutes" : 17,
    "name" : "lightly"
  },{
    "minutes" : 0,
    "name" : "fairly"
  },{
    "minutes" : 0,
    "name" : "very"
  }],
  "averageHeartRate" : 90,
  "calories" : 123,
  "duration" : 1229000,
  "activeDuration" : 1229000,
  "steps" : 1092,
  "logType" : "auto_detected",
  "manualValuesSpecified" : {
    "calories" : false,
    "distance" : false,
    "steps" : false
  },
  "heartRateZones" : [{
    "name" : "Buiten bereik",
    "min" : 30,
    "max" : 83,
    "minutes" : 8
  },{
    "name" : "Vetverbranding",
    "min" : 83,
    "max" : 116,
    "minutes" : 12
  },{
    "name" : "Cardio",
    "min" : 116,
    "max" : 141,
    "minutes" : 0
  },{
    "name" : "Piek",
    "min" : 141,
    "max" : 220,
    "minutes" : 0
  }],
  "lastModified" : "12/13/23 21:09:26",
  "startTime" : "12/13/23 20:37:02",
  "originalStartTime" : "12/13/23 20:37:02",
  "originalDuration" : 1229000,
  "elevationGain" : 15.24,
  "hasGps" : false,
  "shouldFetchDetails" : false,
  "hasActiveZoneMinutes" : false
},{
  "logId" : 60456806029,
  "activityName" : "Wandelen",
  "activityTypeId" : 90013,
  "activityLevel" : [{
    "minutes" : 0,
    "name" : "sedentary"
  },{
    "minutes" : 0,
    "name" : "lightly"
  },{
    "minutes" : 3,
    "name" : "fairly"
  },{
    "minutes" : 17,
    "name" : "very"
  }],
  "averageHeartRate" : 113,
  "calories" : 193,
  "duration" : 1178000,
  "activeDuration" : 1178000,
  "steps" : 1849,
  "logType" : "auto_detected",
  "manualValuesSpecified" : {
    "calories" : false,
    "distance" : false,
    "steps" : false
  },
  "heartRateZones" : [{
    "name" : "Buiten bereik",
    "min" : 30,
    "max" : 83,
    "minutes" : 0
  },{
    "name" : "Vetverbranding",
    "min" : 83,
    "max" : 116,
    "minutes" : 13
  },{
    "name" : "Cardio",
    "min" : 116,
    "max" : 141,
    "minutes" : 7
  },{
    "name" : "Piek",
    "min" : 141,
    "max" : 220,
    "minutes" : 0
  }],
  "lastModified" : "12/15/23 16:27:28",
  "startTime" : "12/15/23 15:58:52",
  "originalStartTime" : "12/15/23 15:58:52",
  "originalDuration" : 1178000,
  "elevationGain" : 6.096,
  "hasGps" : false,
  "shouldFetchDetails" : false,
  "hasActiveZoneMinutes" : false
},{
  "logId" : 60476926860,
  "activityName" : "Wandelen",
  "activityTypeId" : 90013,
  "activityLevel" : [{
    "minutes" : 0,
    "name" : "sedentary"
  },{
    "minutes" : 0,
    "name" : "lightly"
  },{
    "minutes" : 0,
    "name" : "fairly"
  },{
    "minutes" : 26,
    "name" : "very"
  }],
  "averageHeartRate" : 111,
  "calories" : 258,
  "duration" : 1538000,
  "activeDuration" : 1538000,
  "steps" : 2775,
  "logType" : "auto_detected",
  "manualValuesSpecified" : {
    "calories" : false,
    "distance" : false,
    "steps" : false
  },
  "heartRateZones" : [{
    "name" : "Buiten bereik",
    "min" : 30,
    "max" : 83,
    "minutes" : 0
  },{
    "name" : "Vetverbranding",
    "min" : 83,
    "max" : 116,
    "minutes" : 23
  },{
    "name" : "Cardio",
    "min" : 116,
    "max" : 141,
    "minutes" : 3
  },{
    "name" : "Piek",
    "min" : 141,
    "max" : 220,
    "minutes" : 0
  }],
  "lastModified" : "12/16/23 18:30:32",
  "startTime" : "12/16/23 17:45:56",
  "originalStartTime" : "12/16/23 17:45:56",
  "originalDuration" : 1538000,
  "elevationGain" : 0.0,
  "hasGps" : false,
  "shouldFetchDetails" : false,
  "hasActiveZoneMinutes" : false
},{
  "logId" : 60452491338,
  "activityName" : "Gewichten",
  "activityTypeId" : 2131,
  "activityLevel" : [{
    "minutes" : 0,
    "name" : "sedentary"
  },{
    "minutes" : 0,
    "name" : "lightly"
  },{
    "minutes" : 3,
    "name" : "fairly"
  },{
    "minutes" : 64,
    "name" : "very"
  }],
  "averageHeartRate" : 123,
  "calories" : 725,
  "duration" : 4121000,
  "activeDuration" : 4054000,
  "steps" : 1771,
  "source" : {
    "type" : "tracker",
    "name" : "Charge 3",
    "id" : "140287678",
    "url" : "https://www.fitbit.com/",
    "trackerFeatures" : ["CALORIES","STEPS","HEARTRATE"]
  },
  "logType" : "tracker",
  "manualValuesSpecified" : {
    "calories" : false,
    "distance" : false,
    "steps" : false
  },
  "heartRateZones" : [{
    "name" : "Buiten bereik",
    "min" : 30,
    "max" : 83,
    "minutes" : 0
  },{
    "name" : "Vetverbranding",
    "min" : 83,
    "max" : 116,
    "minutes" : 9
  },{
    "name" : "Cardio",
    "min" : 116,
    "max" : 141,
    "minutes" : 56
  },{
    "name" : "Piek",
    "min" : 141,
    "max" : 220,
    "minutes" : 2
  }],
  "lastModified" : "12/17/23 11:35:28",
  "startTime" : "12/17/23 10:24:08",
  "originalStartTime" : "12/17/23 10:24:08",
  "originalDuration" : 4121000,
  "elevationGain" : 30.175,
  "hasGps" : false,
  "shouldFetchDetails" : false,
  "hasActiveZoneMinutes" : false
},{
  "logId" : 60503899980,
  "activityName" : "Wandelen",
  "activityTypeId" : 90013,
  "activityLevel" : [{
    "minutes" : 0,
    "name" : "sedentary"
  },{
    "minutes" : 0,
    "name" : "lightly"
  },{
    "minutes" : 2,
    "name" : "fairly"
  },{
    "minutes" : 17,
    "name" : "very"
  }],
  "averageHeartRate" : 103,
  "calories" : 175,
  "duration" : 1178000,
  "activeDuration" : 1178000,
  "steps" : 1842,
  "logType" : "auto_detected",
  "manualValuesSpecified" : {
    "calories" : false,
    "distance" : false,
    "steps" : false
  },
  "heartRateZones" : [{
    "name" : "Buiten bereik",
    "min" : 30,
    "max" : 83,
    "minutes" : 1
  },{
    "name" : "Vetverbranding",
    "min" : 83,
    "max" : 116,
    "minutes" : 17
  },{
    "name" : "Cardio",
    "min" : 116,
    "max" : 141,
    "minutes" : 2
  },{
    "name" : "Piek",
    "min" : 141,
    "max" : 220,
    "minutes" : 0
  }],
  "lastModified" : "12/18/23 09:46:40",
  "startTime" : "12/18/23 09:04:41",
  "originalStartTime" : "12/18/23 09:04:41",
  "originalDuration" : 1178000,
  "elevationGain" : 15.24,
  "hasGps" : false,
  "shouldFetchDetails" : false,
  "hasActiveZoneMinutes" : false
}]