[{
  "dateTime" : "11/26/23 00:00:00",
  "value" : "0"
},{
  "dateTime" : "11/27/23 00:00:00",
  "value" : "207"
},{
  "dateTime" : "11/28/23 00:00:00",
  "value" : "249"
},{
  "dateTime" : "11/29/23 00:00:00",
  "value" : "204"
},{
  "dateTime" : "11/30/23 00:00:00",
  "value" : "357"
},{
  "dateTime" : "12/01/23 00:00:00",
  "value" : "325"
},{
  "dateTime" : "12/02/23 00:00:00",
  "value" : "299"
},{
  "dateTime" : "12/03/23 00:00:00",
  "value" : "317"
},{
  "dateTime" : "12/04/23 00:00:00",
  "value" : "341"
},{
  "dateTime" : "12/05/23 00:00:00",
  "value" : "277"
},{
  "dateTime" : "12/06/23 00:00:00",
  "value" : "221"
},{
  "dateTime" : "12/07/23 00:00:00",
  "value" : "167"
},{
  "dateTime" : "12/08/23 00:00:00",
  "value" : "311"
},{
  "dateTime" : "12/09/23 00:00:00",
  "value" : "245"
},{
  "dateTime" : "12/10/23 00:00:00",
  "value" : "131"
},{
  "dateTime" : "12/11/23 00:00:00",
  "value" : "239"
},{
  "dateTime" : "12/12/23 00:00:00",
  "value" : "310"
},{
  "dateTime" : "12/13/23 00:00:00",
  "value" : "293"
},{
  "dateTime" : "12/14/23 00:00:00",
  "value" : "31"
},{
  "dateTime" : "12/15/23 00:00:00",
  "value" : "209"
},{
  "dateTime" : "12/16/23 00:00:00",
  "value" : "306"
},{
  "dateTime" : "12/17/23 00:00:00",
  "value" : "252"
},{
  "dateTime" : "12/18/23 00:00:00",
  "value" : "40"
},{
  "dateTime" : "12/19/23 00:00:00",
  "value" : "0"
},{
  "dateTime" : "12/20/23 00:00:00",
  "value" : "0"
},{
  "dateTime" : "12/21/23 00:00:00",
  "value" : "0"
},{
  "dateTime" : "12/22/23 00:00:00",
  "value" : "0"
},{
  "dateTime" : "12/23/23 00:00:00",
  "value" : "0"
},{
  "dateTime" : "12/24/23 00:00:00",
  "value" : "0"
},{
  "dateTime" : "12/25/23 00:00:00",
  "value" : "0"
}]