[{
  "dateTime" : "11/26/23 00:00:00",
  "value" : "0"
},{
  "dateTime" : "11/27/23 00:00:00",
  "value" : "67"
},{
  "dateTime" : "11/28/23 00:00:00",
  "value" : "0"
},{
  "dateTime" : "11/29/23 00:00:00",
  "value" : "59"
},{
  "dateTime" : "11/30/23 00:00:00",
  "value" : "84"
},{
  "dateTime" : "12/01/23 00:00:00",
  "value" : "71"
},{
  "dateTime" : "12/02/23 00:00:00",
  "value" : "110"
},{
  "dateTime" : "12/03/23 00:00:00",
  "value" : "17"
},{
  "dateTime" : "12/04/23 00:00:00",
  "value" : "28"
},{
  "dateTime" : "12/05/23 00:00:00",
  "value" : "32"
},{
  "dateTime" : "12/06/23 00:00:00",
  "value" : "108"
},{
  "dateTime" : "12/07/23 00:00:00",
  "value" : "45"
},{
  "dateTime" : "12/08/23 00:00:00",
  "value" : "22"
},{
  "dateTime" : "12/09/23 00:00:00",
  "value" : "25"
},{
  "dateTime" : "12/10/23 00:00:00",
  "value" : "0"
},{
  "dateTime" : "12/11/23 00:00:00",
  "value" : "32"
},{
  "dateTime" : "12/12/23 00:00:00",
  "value" : "40"
},{
  "dateTime" : "12/13/23 00:00:00",
  "value" : "20"
},{
  "dateTime" : "12/14/23 00:00:00",
  "value" : "0"
},{
  "dateTime" : "12/15/23 00:00:00",
  "value" : "20"
},{
  "dateTime" : "12/16/23 00:00:00",
  "value" : "55"
},{
  "dateTime" : "12/17/23 00:00:00",
  "value" : "82"
},{
  "dateTime" : "12/18/23 00:00:00",
  "value" : "9"
},{
  "dateTime" : "12/19/23 00:00:00",
  "value" : "0"
},{
  "dateTime" : "12/20/23 00:00:00",
  "value" : "0"
},{
  "dateTime" : "12/21/23 00:00:00",
  "value" : "0"
},{
  "dateTime" : "12/22/23 00:00:00",
  "value" : "0"
},{
  "dateTime" : "12/23/23 00:00:00",
  "value" : "0"
},{
  "dateTime" : "12/24/23 00:00:00",
  "value" : "0"
},{
  "dateTime" : "12/25/23 00:00:00",
  "value" : "0"
}]