[{
  "dateTime" : "11/26/23 00:00:00",
  "value" : {
    "date" : null,
    "value" : 0.0,
    "error" : 0.0
  }
},{
  "dateTime" : "11/27/23 00:00:00",
  "value" : {
    "date" : "11/27/23",
    "value" : 57.0,
    "error" : 100.0
  }
},{
  "dateTime" : "11/28/23 00:00:00",
  "value" : {
    "date" : "11/28/23",
    "value" : 59.71395778656006,
    "error" : 13.884297370910645
  }
},{
  "dateTime" : "11/29/23 00:00:00",
  "value" : {
    "date" : "11/29/23",
    "value" : 57.69764041900635,
    "error" : 8.661454200744629
  }
},{
  "dateTime" : "11/30/23 00:00:00",
  "value" : {
    "date" : "11/30/23",
    "value" : 57.96129512786865,
    "error" : 12.22204875946045
  }
},{
  "dateTime" : "12/01/23 00:00:00",
  "value" : {
    "date" : "12/01/23",
    "value" : 58.08809185028076,
    "error" : 8.294273376464844
  }
},{
  "dateTime" : "12/02/23 00:00:00",
  "value" : {
    "date" : "12/02/23",
    "value" : 60.348158836364746,
    "error" : 11.399862289428711
  }
},{
  "dateTime" : "12/03/23 00:00:00",
  "value" : {
    "date" : "12/03/23",
    "value" : 59.84003734588623,
    "error" : 8.09873104095459
  }
},{
  "dateTime" : "12/04/23 00:00:00",
  "value" : {
    "date" : "12/04/23",
    "value" : 59.14734363555908,
    "error" : 7.202364921569824
  }
},{
  "dateTime" : "12/05/23 00:00:00",
  "value" : {
    "date" : "12/05/23",
    "value" : 59.451571464538574,
    "error" : 6.922746658325195
  }
},{
  "dateTime" : "12/06/23 00:00:00",
  "value" : {
    "date" : "12/06/23",
    "value" : 59.5958890914917,
    "error" : 10.811513900756836
  }
},{
  "dateTime" : "12/07/23 00:00:00",
  "value" : {
    "date" : null,
    "value" : 0.0,
    "error" : 0.0
  }
},{
  "dateTime" : "12/08/23 00:00:00",
  "value" : {
    "date" : "12/08/23",
    "value" : 60.65965747833252,
    "error" : 8.197860717773438
  }
},{
  "dateTime" : "12/09/23 00:00:00",
  "value" : {
    "date" : "12/09/23",
    "value" : 61.58322811126709,
    "error" : 7.232234001159668
  }
},{
  "dateTime" : "12/10/23 00:00:00",
  "value" : {
    "date" : "12/10/23",
    "value" : 64.10657787322998,
    "error" : 10.609942436218262
  }
},{
  "dateTime" : "12/11/23 00:00:00",
  "value" : {
    "date" : "12/11/23",
    "value" : 61.350998878479004,
    "error" : 7.901281356811523
  }
},{
  "dateTime" : "12/12/23 00:00:00",
  "value" : {
    "date" : "12/12/23",
    "value" : 59.27617835998535,
    "error" : 7.142260551452637
  }
},{
  "dateTime" : "12/13/23 00:00:00",
  "value" : {
    "date" : "12/13/23",
    "value" : 59.811737060546875,
    "error" : 6.903360366821289
  }
},{
  "dateTime" : "12/14/23 00:00:00",
  "value" : {
    "date" : "12/14/23",
    "value" : 57.48582172393799,
    "error" : 7.567669868469238
  }
},{
  "dateTime" : "12/15/23 00:00:00",
  "value" : {
    "date" : "12/15/23",
    "value" : 56.24320697784424,
    "error" : 7.038820266723633
  }
},{
  "dateTime" : "12/16/23 00:00:00",
  "value" : {
    "date" : "12/16/23",
    "value" : 56.085777282714844,
    "error" : 6.869800567626953
  }
},{
  "dateTime" : "12/17/23 00:00:00",
  "value" : {
    "date" : "12/17/23",
    "value" : 55.21987342834473,
    "error" : 6.81442928314209
  }
},{
  "dateTime" : "12/18/23 00:00:00",
  "value" : {
    "date" : "12/18/23",
    "value" : 55.19954872131348,
    "error" : 10.722371101379395
  }
},{
  "dateTime" : "12/19/23 00:00:00",
  "value" : {
    "date" : null,
    "value" : 0.0,
    "error" : 0.0
  }
},{
  "dateTime" : "12/20/23 00:00:00",
  "value" : {
    "date" : null,
    "value" : 0.0,
    "error" : 0.0
  }
},{
  "dateTime" : "12/21/23 00:00:00",
  "value" : {
    "date" : null,
    "value" : 0.0,
    "error" : 0.0
  }
},{
  "dateTime" : "12/22/23 00:00:00",
  "value" : {
    "date" : null,
    "value" : 0.0,
    "error" : 0.0
  }
},{
  "dateTime" : "12/23/23 00:00:00",
  "value" : {
    "date" : null,
    "value" : 0.0,
    "error" : 0.0
  }
},{
  "dateTime" : "12/24/23 00:00:00",
  "value" : {
    "date" : null,
    "value" : 0.0,
    "error" : 0.0
  }
},{
  "dateTime" : "12/25/23 00:00:00",
  "value" : {
    "date" : null,
    "value" : 0.0,
    "error" : 0.0
  }
},{
  "dateTime" : "12/26/23 00:00:00",
  "value" : {
    "date" : null,
    "value" : 0.0,
    "error" : 0.0
  }
},{
  "dateTime" : "12/27/23 00:00:00",
  "value" : {
    "date" : null,
    "value" : 0.0,
    "error" : 0.0
  }
},{
  "dateTime" : "12/28/23 00:00:00",
  "value" : {
    "date" : null,
    "value" : 0.0,
    "error" : 0.0
  }
},{
  "dateTime" : "12/29/23 00:00:00",
  "value" : {
    "date" : null,
    "value" : 0.0,
    "error" : 0.0
  }
},{
  "dateTime" : "12/30/23 00:00:00",
  "value" : {
    "date" : null,
    "value" : 0.0,
    "error" : 0.0
  }
},{
  "dateTime" : "12/31/23 00:00:00",
  "value" : {
    "date" : null,
    "value" : 0.0,
    "error" : 0.0
  }
},{
  "dateTime" : "01/01/24 00:00:00",
  "value" : {
    "date" : null,
    "value" : 0.0,
    "error" : 0.0
  }
},{
  "dateTime" : "01/02/24 00:00:00",
  "value" : {
    "date" : null,
    "value" : 0.0,
    "error" : 0.0
  }
},{
  "dateTime" : "01/03/24 00:00:00",
  "value" : {
    "date" : null,
    "value" : 0.0,
    "error" : 0.0
  }
},{
  "dateTime" : "01/04/24 00:00:00",
  "value" : {
    "date" : null,
    "value" : 0.0,
    "error" : 0.0
  }
},{
  "dateTime" : "01/05/24 00:00:00",
  "value" : {
    "date" : null,
    "value" : 0.0,
    "error" : 0.0
  }
},{
  "dateTime" : "01/06/24 00:00:00",
  "value" : {
    "date" : null,
    "value" : 0.0,
    "error" : 0.0
  }
},{
  "dateTime" : "01/07/24 00:00:00",
  "value" : {
    "date" : null,
    "value" : 0.0,
    "error" : 0.0
  }
},{
  "dateTime" : "01/08/24 00:00:00",
  "value" : {
    "date" : null,
    "value" : 0.0,
    "error" : 0.0
  }
},{
  "dateTime" : "01/09/24 00:00:00",
  "value" : {
    "date" : null,
    "value" : 0.0,
    "error" : 0.0
  }
},{
  "dateTime" : "01/10/24 00:00:00",
  "value" : {
    "date" : null,
    "value" : 0.0,
    "error" : 0.0
  }
},{
  "dateTime" : "01/11/24 00:00:00",
  "value" : {
    "date" : null,
    "value" : 0.0,
    "error" : 0.0
  }
},{
  "dateTime" : "01/12/24 00:00:00",
  "value" : {
    "date" : null,
    "value" : 0.0,
    "error" : 0.0
  }
},{
  "dateTime" : "01/13/24 00:00:00",
  "value" : {
    "date" : null,
    "value" : 0.0,
    "error" : 0.0
  }
},{
  "dateTime" : "01/14/24 00:00:00",
  "value" : {
    "date" : null,
    "value" : 0.0,
    "error" : 0.0
  }
},{
  "dateTime" : "01/15/24 00:00:00",
  "value" : {
    "date" : null,
    "value" : 0.0,
    "error" : 0.0
  }
},{
  "dateTime" : "01/16/24 00:00:00",
  "value" : {
    "date" : null,
    "value" : 0.0,
    "error" : 0.0
  }
},{
  "dateTime" : "01/17/24 00:00:00",
  "value" : {
    "date" : null,
    "value" : 0.0,
    "error" : 0.0
  }
},{
  "dateTime" : "01/18/24 00:00:00",
  "value" : {
    "date" : null,
    "value" : 0.0,
    "error" : 0.0
  }
},{
  "dateTime" : "01/19/24 00:00:00",
  "value" : {
    "date" : null,
    "value" : 0.0,
    "error" : 0.0
  }
},{
  "dateTime" : "01/20/24 00:00:00",
  "value" : {
    "date" : null,
    "value" : 0.0,
    "error" : 0.0
  }
},{
  "dateTime" : "01/21/24 00:00:00",
  "value" : {
    "date" : null,
    "value" : 0.0,
    "error" : 0.0
  }
},{
  "dateTime" : "01/22/24 00:00:00",
  "value" : {
    "date" : null,
    "value" : 0.0,
    "error" : 0.0
  }
},{
  "dateTime" : "01/23/24 00:00:00",
  "value" : {
    "date" : null,
    "value" : 0.0,
    "error" : 0.0
  }
},{
  "dateTime" : "01/24/24 00:00:00",
  "value" : {
    "date" : null,
    "value" : 0.0,
    "error" : 0.0
  }
},{
  "dateTime" : "01/25/24 00:00:00",
  "value" : {
    "date" : null,
    "value" : 0.0,
    "error" : 0.0
  }
},{
  "dateTime" : "01/26/24 00:00:00",
  "value" : {
    "date" : null,
    "value" : 0.0,
    "error" : 0.0
  }
},{
  "dateTime" : "01/27/24 00:00:00",
  "value" : {
    "date" : null,
    "value" : 0.0,
    "error" : 0.0
  }
},{
  "dateTime" : "01/28/24 00:00:00",
  "value" : {
    "date" : null,
    "value" : 0.0,
    "error" : 0.0
  }
},{
  "dateTime" : "01/29/24 00:00:00",
  "value" : {
    "date" : null,
    "value" : 0.0,
    "error" : 0.0
  }
},{
  "dateTime" : "01/30/24 00:00:00",
  "value" : {
    "date" : null,
    "value" : 0.0,
    "error" : 0.0
  }
},{
  "dateTime" : "01/31/24 00:00:00",
  "value" : {
    "date" : null,
    "value" : 0.0,
    "error" : 0.0
  }
},{
  "dateTime" : "02/01/24 00:00:00",
  "value" : {
    "date" : null,
    "value" : 0.0,
    "error" : 0.0
  }
},{
  "dateTime" : "02/02/24 00:00:00",
  "value" : {
    "date" : null,
    "value" : 0.0,
    "error" : 0.0
  }
},{
  "dateTime" : "02/03/24 00:00:00",
  "value" : {
    "date" : null,
    "value" : 0.0,
    "error" : 0.0
  }
},{
  "dateTime" : "02/04/24 00:00:00",
  "value" : {
    "date" : null,
    "value" : 0.0,
    "error" : 0.0
  }
},{
  "dateTime" : "02/05/24 00:00:00",
  "value" : {
    "date" : null,
    "value" : 0.0,
    "error" : 0.0
  }
},{
  "dateTime" : "02/06/24 00:00:00",
  "value" : {
    "date" : null,
    "value" : 0.0,
    "error" : 0.0
  }
},{
  "dateTime" : "02/07/24 00:00:00",
  "value" : {
    "date" : null,
    "value" : 0.0,
    "error" : 0.0
  }
},{
  "dateTime" : "02/08/24 00:00:00",
  "value" : {
    "date" : null,
    "value" : 0.0,
    "error" : 0.0
  }
},{
  "dateTime" : "02/09/24 00:00:00",
  "value" : {
    "date" : null,
    "value" : 0.0,
    "error" : 0.0
  }
},{
  "dateTime" : "02/10/24 00:00:00",
  "value" : {
    "date" : null,
    "value" : 0.0,
    "error" : 0.0
  }
},{
  "dateTime" : "02/11/24 00:00:00",
  "value" : {
    "date" : null,
    "value" : 0.0,
    "error" : 0.0
  }
},{
  "dateTime" : "02/12/24 00:00:00",
  "value" : {
    "date" : null,
    "value" : 0.0,
    "error" : 0.0
  }
},{
  "dateTime" : "02/13/24 00:00:00",
  "value" : {
    "date" : null,
    "value" : 0.0,
    "error" : 0.0
  }
},{
  "dateTime" : "02/14/24 00:00:00",
  "value" : {
    "date" : null,
    "value" : 0.0,
    "error" : 0.0
  }
},{
  "dateTime" : "02/15/24 00:00:00",
  "value" : {
    "date" : null,
    "value" : 0.0,
    "error" : 0.0
  }
},{
  "dateTime" : "02/16/24 00:00:00",
  "value" : {
    "date" : null,
    "value" : 0.0,
    "error" : 0.0
  }
},{
  "dateTime" : "02/17/24 00:00:00",
  "value" : {
    "date" : null,
    "value" : 0.0,
    "error" : 0.0
  }
},{
  "dateTime" : "02/18/24 00:00:00",
  "value" : {
    "date" : null,
    "value" : 0.0,
    "error" : 0.0
  }
},{
  "dateTime" : "02/19/24 00:00:00",
  "value" : {
    "date" : null,
    "value" : 0.0,
    "error" : 0.0
  }
},{
  "dateTime" : "02/20/24 00:00:00",
  "value" : {
    "date" : null,
    "value" : 0.0,
    "error" : 0.0
  }
},{
  "dateTime" : "02/21/24 00:00:00",
  "value" : {
    "date" : null,
    "value" : 0.0,
    "error" : 0.0
  }
},{
  "dateTime" : "02/22/24 00:00:00",
  "value" : {
    "date" : null,
    "value" : 0.0,
    "error" : 0.0
  }
},{
  "dateTime" : "02/23/24 00:00:00",
  "value" : {
    "date" : null,
    "value" : 0.0,
    "error" : 0.0
  }
},{
  "dateTime" : "02/24/24 00:00:00",
  "value" : {
    "date" : null,
    "value" : 0.0,
    "error" : 0.0
  }
},{
  "dateTime" : "02/25/24 00:00:00",
  "value" : {
    "date" : null,
    "value" : 0.0,
    "error" : 0.0
  }
},{
  "dateTime" : "02/26/24 00:00:00",
  "value" : {
    "date" : null,
    "value" : 0.0,
    "error" : 0.0
  }
},{
  "dateTime" : "02/27/24 00:00:00",
  "value" : {
    "date" : null,
    "value" : 0.0,
    "error" : 0.0
  }
},{
  "dateTime" : "02/28/24 00:00:00",
  "value" : {
    "date" : null,
    "value" : 0.0,
    "error" : 0.0
  }
},{
  "dateTime" : "02/29/24 00:00:00",
  "value" : {
    "date" : null,
    "value" : 0.0,
    "error" : 0.0
  }
},{
  "dateTime" : "03/01/24 00:00:00",
  "value" : {
    "date" : null,
    "value" : 0.0,
    "error" : 0.0
  }
},{
  "dateTime" : "03/02/24 00:00:00",
  "value" : {
    "date" : null,
    "value" : 0.0,
    "error" : 0.0
  }
},{
  "dateTime" : "03/03/24 00:00:00",
  "value" : {
    "date" : null,
    "value" : 0.0,
    "error" : 0.0
  }
},{
  "dateTime" : "03/04/24 00:00:00",
  "value" : {
    "date" : null,
    "value" : 0.0,
    "error" : 0.0
  }
},{
  "dateTime" : "03/05/24 00:00:00",
  "value" : {
    "date" : null,
    "value" : 0.0,
    "error" : 0.0
  }
},{
  "dateTime" : "03/06/24 00:00:00",
  "value" : {
    "date" : null,
    "value" : 0.0,
    "error" : 0.0
  }
},{
  "dateTime" : "03/07/24 00:00:00",
  "value" : {
    "date" : null,
    "value" : 0.0,
    "error" : 0.0
  }
},{
  "dateTime" : "03/08/24 00:00:00",
  "value" : {
    "date" : null,
    "value" : 0.0,
    "error" : 0.0
  }
},{
  "dateTime" : "03/09/24 00:00:00",
  "value" : {
    "date" : null,
    "value" : 0.0,
    "error" : 0.0
  }
},{
  "dateTime" : "03/10/24 00:00:00",
  "value" : {
    "date" : null,
    "value" : 0.0,
    "error" : 0.0
  }
},{
  "dateTime" : "03/11/24 00:00:00",
  "value" : {
    "date" : null,
    "value" : 0.0,
    "error" : 0.0
  }
},{
  "dateTime" : "03/12/24 00:00:00",
  "value" : {
    "date" : null,
    "value" : 0.0,
    "error" : 0.0
  }
},{
  "dateTime" : "03/13/24 00:00:00",
  "value" : {
    "date" : null,
    "value" : 0.0,
    "error" : 0.0
  }
},{
  "dateTime" : "03/14/24 00:00:00",
  "value" : {
    "date" : null,
    "value" : 0.0,
    "error" : 0.0
  }
},{
  "dateTime" : "03/15/24 00:00:00",
  "value" : {
    "date" : null,
    "value" : 0.0,
    "error" : 0.0
  }
},{
  "dateTime" : "03/16/24 00:00:00",
  "value" : {
    "date" : null,
    "value" : 0.0,
    "error" : 0.0
  }
},{
  "dateTime" : "03/17/24 00:00:00",
  "value" : {
    "date" : null,
    "value" : 0.0,
    "error" : 0.0
  }
},{
  "dateTime" : "03/18/24 00:00:00",
  "value" : {
    "date" : null,
    "value" : 0.0,
    "error" : 0.0
  }
},{
  "dateTime" : "03/19/24 00:00:00",
  "value" : {
    "date" : null,
    "value" : 0.0,
    "error" : 0.0
  }
},{
  "dateTime" : "03/20/24 00:00:00",
  "value" : {
    "date" : null,
    "value" : 0.0,
    "error" : 0.0
  }
},{
  "dateTime" : "03/21/24 00:00:00",
  "value" : {
    "date" : null,
    "value" : 0.0,
    "error" : 0.0
  }
},{
  "dateTime" : "03/22/24 00:00:00",
  "value" : {
    "date" : null,
    "value" : 0.0,
    "error" : 0.0
  }
},{
  "dateTime" : "03/23/24 00:00:00",
  "value" : {
    "date" : null,
    "value" : 0.0,
    "error" : 0.0
  }
},{
  "dateTime" : "03/24/24 00:00:00",
  "value" : {
    "date" : null,
    "value" : 0.0,
    "error" : 0.0
  }
},{
  "dateTime" : "03/25/24 00:00:00",
  "value" : {
    "date" : null,
    "value" : 0.0,
    "error" : 0.0
  }
},{
  "dateTime" : "03/26/24 00:00:00",
  "value" : {
    "date" : null,
    "value" : 0.0,
    "error" : 0.0
  }
},{
  "dateTime" : "03/27/24 00:00:00",
  "value" : {
    "date" : null,
    "value" : 0.0,
    "error" : 0.0
  }
},{
  "dateTime" : "03/28/24 00:00:00",
  "value" : {
    "date" : null,
    "value" : 0.0,
    "error" : 0.0
  }
},{
  "dateTime" : "03/29/24 00:00:00",
  "value" : {
    "date" : null,
    "value" : 0.0,
    "error" : 0.0
  }
},{
  "dateTime" : "03/30/24 00:00:00",
  "value" : {
    "date" : null,
    "value" : 0.0,
    "error" : 0.0
  }
},{
  "dateTime" : "03/31/24 00:00:00",
  "value" : {
    "date" : null,
    "value" : 0.0,
    "error" : 0.0
  }
},{
  "dateTime" : "04/01/24 00:00:00",
  "value" : {
    "date" : null,
    "value" : 0.0,
    "error" : 0.0
  }
},{
  "dateTime" : "04/02/24 00:00:00",
  "value" : {
    "date" : null,
    "value" : 0.0,
    "error" : 0.0
  }
},{
  "dateTime" : "04/03/24 00:00:00",
  "value" : {
    "date" : null,
    "value" : 0.0,
    "error" : 0.0
  }
},{
  "dateTime" : "04/04/24 00:00:00",
  "value" : {
    "date" : null,
    "value" : 0.0,
    "error" : 0.0
  }
},{
  "dateTime" : "04/05/24 00:00:00",
  "value" : {
    "date" : null,
    "value" : 0.0,
    "error" : 0.0
  }
},{
  "dateTime" : "04/06/24 00:00:00",
  "value" : {
    "date" : null,
    "value" : 0.0,
    "error" : 0.0
  }
},{
  "dateTime" : "04/07/24 00:00:00",
  "value" : {
    "date" : null,
    "value" : 0.0,
    "error" : 0.0
  }
},{
  "dateTime" : "04/08/24 00:00:00",
  "value" : {
    "date" : null,
    "value" : 0.0,
    "error" : 0.0
  }
},{
  "dateTime" : "04/09/24 00:00:00",
  "value" : {
    "date" : null,
    "value" : 0.0,
    "error" : 0.0
  }
},{
  "dateTime" : "04/10/24 00:00:00",
  "value" : {
    "date" : null,
    "value" : 0.0,
    "error" : 0.0
  }
},{
  "dateTime" : "04/11/24 00:00:00",
  "value" : {
    "date" : null,
    "value" : 0.0,
    "error" : 0.0
  }
},{
  "dateTime" : "04/12/24 00:00:00",
  "value" : {
    "date" : null,
    "value" : 0.0,
    "error" : 0.0
  }
},{
  "dateTime" : "04/13/24 00:00:00",
  "value" : {
    "date" : null,
    "value" : 0.0,
    "error" : 0.0
  }
},{
  "dateTime" : "04/14/24 00:00:00",
  "value" : {
    "date" : null,
    "value" : 0.0,
    "error" : 0.0
  }
},{
  "dateTime" : "04/15/24 00:00:00",
  "value" : {
    "date" : null,
    "value" : 0.0,
    "error" : 0.0
  }
},{
  "dateTime" : "04/16/24 00:00:00",
  "value" : {
    "date" : null,
    "value" : 0.0,
    "error" : 0.0
  }
},{
  "dateTime" : "04/17/24 00:00:00",
  "value" : {
    "date" : null,
    "value" : 0.0,
    "error" : 0.0
  }
},{
  "dateTime" : "04/18/24 00:00:00",
  "value" : {
    "date" : null,
    "value" : 0.0,
    "error" : 0.0
  }
},{
  "dateTime" : "04/19/24 00:00:00",
  "value" : {
    "date" : null,
    "value" : 0.0,
    "error" : 0.0
  }
},{
  "dateTime" : "04/20/24 00:00:00",
  "value" : {
    "date" : null,
    "value" : 0.0,
    "error" : 0.0
  }
},{
  "dateTime" : "04/21/24 00:00:00",
  "value" : {
    "date" : null,
    "value" : 0.0,
    "error" : 0.0
  }
},{
  "dateTime" : "04/22/24 00:00:00",
  "value" : {
    "date" : null,
    "value" : 0.0,
    "error" : 0.0
  }
},{
  "dateTime" : "04/23/24 00:00:00",
  "value" : {
    "date" : null,
    "value" : 0.0,
    "error" : 0.0
  }
},{
  "dateTime" : "04/24/24 00:00:00",
  "value" : {
    "date" : null,
    "value" : 0.0,
    "error" : 0.0
  }
},{
  "dateTime" : "04/25/24 00:00:00",
  "value" : {
    "date" : null,
    "value" : 0.0,
    "error" : 0.0
  }
},{
  "dateTime" : "04/26/24 00:00:00",
  "value" : {
    "date" : null,
    "value" : 0.0,
    "error" : 0.0
  }
},{
  "dateTime" : "04/27/24 00:00:00",
  "value" : {
    "date" : null,
    "value" : 0.0,
    "error" : 0.0
  }
},{
  "dateTime" : "04/28/24 00:00:00",
  "value" : {
    "date" : null,
    "value" : 0.0,
    "error" : 0.0
  }
},{
  "dateTime" : "04/29/24 00:00:00",
  "value" : {
    "date" : null,
    "value" : 0.0,
    "error" : 0.0
  }
},{
  "dateTime" : "04/30/24 00:00:00",
  "value" : {
    "date" : null,
    "value" : 0.0,
    "error" : 0.0
  }
},{
  "dateTime" : "05/01/24 00:00:00",
  "value" : {
    "date" : null,
    "value" : 0.0,
    "error" : 0.0
  }
},{
  "dateTime" : "05/02/24 00:00:00",
  "value" : {
    "date" : null,
    "value" : 0.0,
    "error" : 0.0
  }
},{
  "dateTime" : "05/03/24 00:00:00",
  "value" : {
    "date" : null,
    "value" : 0.0,
    "error" : 0.0
  }
},{
  "dateTime" : "05/04/24 00:00:00",
  "value" : {
    "date" : null,
    "value" : 0.0,
    "error" : 0.0
  }
},{
  "dateTime" : "05/05/24 00:00:00",
  "value" : {
    "date" : null,
    "value" : 0.0,
    "error" : 0.0
  }
},{
  "dateTime" : "05/06/24 00:00:00",
  "value" : {
    "date" : null,
    "value" : 0.0,
    "error" : 0.0
  }
},{
  "dateTime" : "05/07/24 00:00:00",
  "value" : {
    "date" : null,
    "value" : 0.0,
    "error" : 0.0
  }
},{
  "dateTime" : "05/08/24 00:00:00",
  "value" : {
    "date" : null,
    "value" : 0.0,
    "error" : 0.0
  }
},{
  "dateTime" : "05/09/24 00:00:00",
  "value" : {
    "date" : null,
    "value" : 0.0,
    "error" : 0.0
  }
},{
  "dateTime" : "05/10/24 00:00:00",
  "value" : {
    "date" : null,
    "value" : 0.0,
    "error" : 0.0
  }
},{
  "dateTime" : "05/11/24 00:00:00",
  "value" : {
    "date" : null,
    "value" : 0.0,
    "error" : 0.0
  }
},{
  "dateTime" : "05/12/24 00:00:00",
  "value" : {
    "date" : null,
    "value" : 0.0,
    "error" : 0.0
  }
},{
  "dateTime" : "05/13/24 00:00:00",
  "value" : {
    "date" : null,
    "value" : 0.0,
    "error" : 0.0
  }
},{
  "dateTime" : "05/14/24 00:00:00",
  "value" : {
    "date" : null,
    "value" : 0.0,
    "error" : 0.0
  }
},{
  "dateTime" : "05/15/24 00:00:00",
  "value" : {
    "date" : null,
    "value" : 0.0,
    "error" : 0.0
  }
},{
  "dateTime" : "05/16/24 00:00:00",
  "value" : {
    "date" : null,
    "value" : 0.0,
    "error" : 0.0
  }
},{
  "dateTime" : "05/17/24 00:00:00",
  "value" : {
    "date" : null,
    "value" : 0.0,
    "error" : 0.0
  }
},{
  "dateTime" : "05/18/24 00:00:00",
  "value" : {
    "date" : null,
    "value" : 0.0,
    "error" : 0.0
  }
},{
  "dateTime" : "05/19/24 00:00:00",
  "value" : {
    "date" : null,
    "value" : 0.0,
    "error" : 0.0
  }
},{
  "dateTime" : "05/20/24 00:00:00",
  "value" : {
    "date" : null,
    "value" : 0.0,
    "error" : 0.0
  }
},{
  "dateTime" : "05/21/24 00:00:00",
  "value" : {
    "date" : null,
    "value" : 0.0,
    "error" : 0.0
  }
},{
  "dateTime" : "05/22/24 00:00:00",
  "value" : {
    "date" : null,
    "value" : 0.0,
    "error" : 0.0
  }
},{
  "dateTime" : "05/23/24 00:00:00",
  "value" : {
    "date" : null,
    "value" : 0.0,
    "error" : 0.0
  }
},{
  "dateTime" : "05/24/24 00:00:00",
  "value" : {
    "date" : null,
    "value" : 0.0,
    "error" : 0.0
  }
},{
  "dateTime" : "05/25/24 00:00:00",
  "value" : {
    "date" : null,
    "value" : 0.0,
    "error" : 0.0
  }
},{
  "dateTime" : "05/26/24 00:00:00",
  "value" : {
    "date" : null,
    "value" : 0.0,
    "error" : 0.0
  }
},{
  "dateTime" : "05/27/24 00:00:00",
  "value" : {
    "date" : null,
    "value" : 0.0,
    "error" : 0.0
  }
},{
  "dateTime" : "05/28/24 00:00:00",
  "value" : {
    "date" : null,
    "value" : 0.0,
    "error" : 0.0
  }
},{
  "dateTime" : "05/29/24 00:00:00",
  "value" : {
    "date" : null,
    "value" : 0.0,
    "error" : 0.0
  }
},{
  "dateTime" : "05/30/24 00:00:00",
  "value" : {
    "date" : null,
    "value" : 0.0,
    "error" : 0.0
  }
},{
  "dateTime" : "05/31/24 00:00:00",
  "value" : {
    "date" : null,
    "value" : 0.0,
    "error" : 0.0
  }
},{
  "dateTime" : "06/01/24 00:00:00",
  "value" : {
    "date" : null,
    "value" : 0.0,
    "error" : 0.0
  }
},{
  "dateTime" : "06/02/24 00:00:00",
  "value" : {
    "date" : null,
    "value" : 0.0,
    "error" : 0.0
  }
},{
  "dateTime" : "06/03/24 00:00:00",
  "value" : {
    "date" : null,
    "value" : 0.0,
    "error" : 0.0
  }
},{
  "dateTime" : "06/04/24 00:00:00",
  "value" : {
    "date" : null,
    "value" : 0.0,
    "error" : 0.0
  }
},{
  "dateTime" : "06/05/24 00:00:00",
  "value" : {
    "date" : null,
    "value" : 0.0,
    "error" : 0.0
  }
},{
  "dateTime" : "06/06/24 00:00:00",
  "value" : {
    "date" : null,
    "value" : 0.0,
    "error" : 0.0
  }
},{
  "dateTime" : "06/07/24 00:00:00",
  "value" : {
    "date" : null,
    "value" : 0.0,
    "error" : 0.0
  }
},{
  "dateTime" : "06/08/24 00:00:00",
  "value" : {
    "date" : null,
    "value" : 0.0,
    "error" : 0.0
  }
},{
  "dateTime" : "06/09/24 00:00:00",
  "value" : {
    "date" : null,
    "value" : 0.0,
    "error" : 0.0
  }
},{
  "dateTime" : "06/10/24 00:00:00",
  "value" : {
    "date" : null,
    "value" : 0.0,
    "error" : 0.0
  }
},{
  "dateTime" : "06/11/24 00:00:00",
  "value" : {
    "date" : null,
    "value" : 0.0,
    "error" : 0.0
  }
},{
  "dateTime" : "06/12/24 00:00:00",
  "value" : {
    "date" : null,
    "value" : 0.0,
    "error" : 0.0
  }
},{
  "dateTime" : "06/13/24 00:00:00",
  "value" : {
    "date" : null,
    "value" : 0.0,
    "error" : 0.0
  }
},{
  "dateTime" : "06/14/24 00:00:00",
  "value" : {
    "date" : null,
    "value" : 0.0,
    "error" : 0.0
  }
},{
  "dateTime" : "06/15/24 00:00:00",
  "value" : {
    "date" : null,
    "value" : 0.0,
    "error" : 0.0
  }
},{
  "dateTime" : "06/16/24 00:00:00",
  "value" : {
    "date" : null,
    "value" : 0.0,
    "error" : 0.0
  }
},{
  "dateTime" : "06/17/24 00:00:00",
  "value" : {
    "date" : null,
    "value" : 0.0,
    "error" : 0.0
  }
},{
  "dateTime" : "06/18/24 00:00:00",
  "value" : {
    "date" : null,
    "value" : 0.0,
    "error" : 0.0
  }
},{
  "dateTime" : "06/19/24 00:00:00",
  "value" : {
    "date" : null,
    "value" : 0.0,
    "error" : 0.0
  }
},{
  "dateTime" : "06/20/24 00:00:00",
  "value" : {
    "date" : null,
    "value" : 0.0,
    "error" : 0.0
  }
},{
  "dateTime" : "06/21/24 00:00:00",
  "value" : {
    "date" : null,
    "value" : 0.0,
    "error" : 0.0
  }
},{
  "dateTime" : "06/22/24 00:00:00",
  "value" : {
    "date" : null,
    "value" : 0.0,
    "error" : 0.0
  }
},{
  "dateTime" : "06/23/24 00:00:00",
  "value" : {
    "date" : null,
    "value" : 0.0,
    "error" : 0.0
  }
},{
  "dateTime" : "06/24/24 00:00:00",
  "value" : {
    "date" : null,
    "value" : 0.0,
    "error" : 0.0
  }
},{
  "dateTime" : "06/25/24 00:00:00",
  "value" : {
    "date" : null,
    "value" : 0.0,
    "error" : 0.0
  }
},{
  "dateTime" : "06/26/24 00:00:00",
  "value" : {
    "date" : null,
    "value" : 0.0,
    "error" : 0.0
  }
},{
  "dateTime" : "06/27/24 00:00:00",
  "value" : {
    "date" : null,
    "value" : 0.0,
    "error" : 0.0
  }
},{
  "dateTime" : "06/28/24 00:00:00",
  "value" : {
    "date" : null,
    "value" : 0.0,
    "error" : 0.0
  }
},{
  "dateTime" : "06/29/24 00:00:00",
  "value" : {
    "date" : null,
    "value" : 0.0,
    "error" : 0.0
  }
},{
  "dateTime" : "06/30/24 00:00:00",
  "value" : {
    "date" : null,
    "value" : 0.0,
    "error" : 0.0
  }
},{
  "dateTime" : "07/01/24 00:00:00",
  "value" : {
    "date" : null,
    "value" : 0.0,
    "error" : 0.0
  }
},{
  "dateTime" : "07/02/24 00:00:00",
  "value" : {
    "date" : null,
    "value" : 0.0,
    "error" : 0.0
  }
},{
  "dateTime" : "07/03/24 00:00:00",
  "value" : {
    "date" : null,
    "value" : 0.0,
    "error" : 0.0
  }
},{
  "dateTime" : "07/04/24 00:00:00",
  "value" : {
    "date" : null,
    "value" : 0.0,
    "error" : 0.0
  }
},{
  "dateTime" : "07/05/24 00:00:00",
  "value" : {
    "date" : null,
    "value" : 0.0,
    "error" : 0.0
  }
},{
  "dateTime" : "07/06/24 00:00:00",
  "value" : {
    "date" : null,
    "value" : 0.0,
    "error" : 0.0
  }
},{
  "dateTime" : "07/07/24 00:00:00",
  "value" : {
    "date" : null,
    "value" : 0.0,
    "error" : 0.0
  }
},{
  "dateTime" : "07/08/24 00:00:00",
  "value" : {
    "date" : null,
    "value" : 0.0,
    "error" : 0.0
  }
},{
  "dateTime" : "07/09/24 00:00:00",
  "value" : {
    "date" : null,
    "value" : 0.0,
    "error" : 0.0
  }
},{
  "dateTime" : "07/10/24 00:00:00",
  "value" : {
    "date" : null,
    "value" : 0.0,
    "error" : 0.0
  }
},{
  "dateTime" : "07/11/24 00:00:00",
  "value" : {
    "date" : null,
    "value" : 0.0,
    "error" : 0.0
  }
},{
  "dateTime" : "07/12/24 00:00:00",
  "value" : {
    "date" : null,
    "value" : 0.0,
    "error" : 0.0
  }
},{
  "dateTime" : "07/13/24 00:00:00",
  "value" : {
    "date" : null,
    "value" : 0.0,
    "error" : 0.0
  }
},{
  "dateTime" : "07/14/24 00:00:00",
  "value" : {
    "date" : null,
    "value" : 0.0,
    "error" : 0.0
  }
},{
  "dateTime" : "07/15/24 00:00:00",
  "value" : {
    "date" : null,
    "value" : 0.0,
    "error" : 0.0
  }
},{
  "dateTime" : "07/16/24 00:00:00",
  "value" : {
    "date" : null,
    "value" : 0.0,
    "error" : 0.0
  }
},{
  "dateTime" : "07/17/24 00:00:00",
  "value" : {
    "date" : null,
    "value" : 0.0,
    "error" : 0.0
  }
},{
  "dateTime" : "07/18/24 00:00:00",
  "value" : {
    "date" : null,
    "value" : 0.0,
    "error" : 0.0
  }
},{
  "dateTime" : "07/19/24 00:00:00",
  "value" : {
    "date" : null,
    "value" : 0.0,
    "error" : 0.0
  }
},{
  "dateTime" : "07/20/24 00:00:00",
  "value" : {
    "date" : null,
    "value" : 0.0,
    "error" : 0.0
  }
},{
  "dateTime" : "07/21/24 00:00:00",
  "value" : {
    "date" : null,
    "value" : 0.0,
    "error" : 0.0
  }
},{
  "dateTime" : "07/22/24 00:00:00",
  "value" : {
    "date" : null,
    "value" : 0.0,
    "error" : 0.0
  }
},{
  "dateTime" : "07/23/24 00:00:00",
  "value" : {
    "date" : null,
    "value" : 0.0,
    "error" : 0.0
  }
},{
  "dateTime" : "07/24/24 00:00:00",
  "value" : {
    "date" : null,
    "value" : 0.0,
    "error" : 0.0
  }
},{
  "dateTime" : "07/25/24 00:00:00",
  "value" : {
    "date" : null,
    "value" : 0.0,
    "error" : 0.0
  }
},{
  "dateTime" : "07/26/24 00:00:00",
  "value" : {
    "date" : null,
    "value" : 0.0,
    "error" : 0.0
  }
},{
  "dateTime" : "07/27/24 00:00:00",
  "value" : {
    "date" : null,
    "value" : 0.0,
    "error" : 0.0
  }
},{
  "dateTime" : "07/28/24 00:00:00",
  "value" : {
    "date" : null,
    "value" : 0.0,
    "error" : 0.0
  }
},{
  "dateTime" : "07/29/24 00:00:00",
  "value" : {
    "date" : null,
    "value" : 0.0,
    "error" : 0.0
  }
},{
  "dateTime" : "07/30/24 00:00:00",
  "value" : {
    "date" : null,
    "value" : 0.0,
    "error" : 0.0
  }
},{
  "dateTime" : "07/31/24 00:00:00",
  "value" : {
    "date" : null,
    "value" : 0.0,
    "error" : 0.0
  }
},{
  "dateTime" : "08/01/24 00:00:00",
  "value" : {
    "date" : null,
    "value" : 0.0,
    "error" : 0.0
  }
},{
  "dateTime" : "08/02/24 00:00:00",
  "value" : {
    "date" : null,
    "value" : 0.0,
    "error" : 0.0
  }
},{
  "dateTime" : "08/03/24 00:00:00",
  "value" : {
    "date" : null,
    "value" : 0.0,
    "error" : 0.0
  }
},{
  "dateTime" : "08/04/24 00:00:00",
  "value" : {
    "date" : null,
    "value" : 0.0,
    "error" : 0.0
  }
},{
  "dateTime" : "08/05/24 00:00:00",
  "value" : {
    "date" : null,
    "value" : 0.0,
    "error" : 0.0
  }
},{
  "dateTime" : "08/06/24 00:00:00",
  "value" : {
    "date" : null,
    "value" : 0.0,
    "error" : 0.0
  }
},{
  "dateTime" : "08/07/24 00:00:00",
  "value" : {
    "date" : null,
    "value" : 0.0,
    "error" : 0.0
  }
},{
  "dateTime" : "08/08/24 00:00:00",
  "value" : {
    "date" : null,
    "value" : 0.0,
    "error" : 0.0
  }
},{
  "dateTime" : "08/09/24 00:00:00",
  "value" : {
    "date" : null,
    "value" : 0.0,
    "error" : 0.0
  }
},{
  "dateTime" : "08/10/24 00:00:00",
  "value" : {
    "date" : null,
    "value" : 0.0,
    "error" : 0.0
  }
},{
  "dateTime" : "08/11/24 00:00:00",
  "value" : {
    "date" : null,
    "value" : 0.0,
    "error" : 0.0
  }
},{
  "dateTime" : "08/12/24 00:00:00",
  "value" : {
    "date" : null,
    "value" : 0.0,
    "error" : 0.0
  }
},{
  "dateTime" : "08/13/24 00:00:00",
  "value" : {
    "date" : null,
    "value" : 0.0,
    "error" : 0.0
  }
},{
  "dateTime" : "08/14/24 00:00:00",
  "value" : {
    "date" : null,
    "value" : 0.0,
    "error" : 0.0
  }
},{
  "dateTime" : "08/15/24 00:00:00",
  "value" : {
    "date" : null,
    "value" : 0.0,
    "error" : 0.0
  }
},{
  "dateTime" : "08/16/24 00:00:00",
  "value" : {
    "date" : null,
    "value" : 0.0,
    "error" : 0.0
  }
},{
  "dateTime" : "08/17/24 00:00:00",
  "value" : {
    "date" : null,
    "value" : 0.0,
    "error" : 0.0
  }
},{
  "dateTime" : "08/18/24 00:00:00",
  "value" : {
    "date" : null,
    "value" : 0.0,
    "error" : 0.0
  }
},{
  "dateTime" : "08/19/24 00:00:00",
  "value" : {
    "date" : null,
    "value" : 0.0,
    "error" : 0.0
  }
},{
  "dateTime" : "08/20/24 00:00:00",
  "value" : {
    "date" : null,
    "value" : 0.0,
    "error" : 0.0
  }
},{
  "dateTime" : "08/21/24 00:00:00",
  "value" : {
    "date" : null,
    "value" : 0.0,
    "error" : 0.0
  }
},{
  "dateTime" : "08/22/24 00:00:00",
  "value" : {
    "date" : null,
    "value" : 0.0,
    "error" : 0.0
  }
},{
  "dateTime" : "08/23/24 00:00:00",
  "value" : {
    "date" : null,
    "value" : 0.0,
    "error" : 0.0
  }
},{
  "dateTime" : "08/24/24 00:00:00",
  "value" : {
    "date" : null,
    "value" : 0.0,
    "error" : 0.0
  }
},{
  "dateTime" : "08/25/24 00:00:00",
  "value" : {
    "date" : null,
    "value" : 0.0,
    "error" : 0.0
  }
},{
  "dateTime" : "08/26/24 00:00:00",
  "value" : {
    "date" : null,
    "value" : 0.0,
    "error" : 0.0
  }
},{
  "dateTime" : "08/27/24 00:00:00",
  "value" : {
    "date" : null,
    "value" : 0.0,
    "error" : 0.0
  }
},{
  "dateTime" : "08/28/24 00:00:00",
  "value" : {
    "date" : null,
    "value" : 0.0,
    "error" : 0.0
  }
},{
  "dateTime" : "08/29/24 00:00:00",
  "value" : {
    "date" : null,
    "value" : 0.0,
    "error" : 0.0
  }
},{
  "dateTime" : "08/30/24 00:00:00",
  "value" : {
    "date" : null,
    "value" : 0.0,
    "error" : 0.0
  }
},{
  "dateTime" : "08/31/24 00:00:00",
  "value" : {
    "date" : null,
    "value" : 0.0,
    "error" : 0.0
  }
},{
  "dateTime" : "09/01/24 00:00:00",
  "value" : {
    "date" : null,
    "value" : 0.0,
    "error" : 0.0
  }
},{
  "dateTime" : "09/02/24 00:00:00",
  "value" : {
    "date" : null,
    "value" : 0.0,
    "error" : 0.0
  }
},{
  "dateTime" : "09/03/24 00:00:00",
  "value" : {
    "date" : null,
    "value" : 0.0,
    "error" : 0.0
  }
},{
  "dateTime" : "09/04/24 00:00:00",
  "value" : {
    "date" : null,
    "value" : 0.0,
    "error" : 0.0
  }
},{
  "dateTime" : "09/05/24 00:00:00",
  "value" : {
    "date" : null,
    "value" : 0.0,
    "error" : 0.0
  }
},{
  "dateTime" : "09/06/24 00:00:00",
  "value" : {
    "date" : null,
    "value" : 0.0,
    "error" : 0.0
  }
},{
  "dateTime" : "09/07/24 00:00:00",
  "value" : {
    "date" : null,
    "value" : 0.0,
    "error" : 0.0
  }
},{
  "dateTime" : "09/08/24 00:00:00",
  "value" : {
    "date" : null,
    "value" : 0.0,
    "error" : 0.0
  }
},{
  "dateTime" : "09/09/24 00:00:00",
  "value" : {
    "date" : null,
    "value" : 0.0,
    "error" : 0.0
  }
},{
  "dateTime" : "09/10/24 00:00:00",
  "value" : {
    "date" : null,
    "value" : 0.0,
    "error" : 0.0
  }
},{
  "dateTime" : "09/11/24 00:00:00",
  "value" : {
    "date" : null,
    "value" : 0.0,
    "error" : 0.0
  }
},{
  "dateTime" : "09/12/24 00:00:00",
  "value" : {
    "date" : null,
    "value" : 0.0,
    "error" : 0.0
  }
},{
  "dateTime" : "09/13/24 00:00:00",
  "value" : {
    "date" : null,
    "value" : 0.0,
    "error" : 0.0
  }
},{
  "dateTime" : "09/14/24 00:00:00",
  "value" : {
    "date" : null,
    "value" : 0.0,
    "error" : 0.0
  }
},{
  "dateTime" : "09/15/24 00:00:00",
  "value" : {
    "date" : null,
    "value" : 0.0,
    "error" : 0.0
  }
},{
  "dateTime" : "09/16/24 00:00:00",
  "value" : {
    "date" : null,
    "value" : 0.0,
    "error" : 0.0
  }
},{
  "dateTime" : "09/17/24 00:00:00",
  "value" : {
    "date" : null,
    "value" : 0.0,
    "error" : 0.0
  }
},{
  "dateTime" : "09/18/24 00:00:00",
  "value" : {
    "date" : null,
    "value" : 0.0,
    "error" : 0.0
  }
},{
  "dateTime" : "09/19/24 00:00:00",
  "value" : {
    "date" : null,
    "value" : 0.0,
    "error" : 0.0
  }
},{
  "dateTime" : "09/20/24 00:00:00",
  "value" : {
    "date" : null,
    "value" : 0.0,
    "error" : 0.0
  }
},{
  "dateTime" : "09/21/24 00:00:00",
  "value" : {
    "date" : null,
    "value" : 0.0,
    "error" : 0.0
  }
},{
  "dateTime" : "09/22/24 00:00:00",
  "value" : {
    "date" : null,
    "value" : 0.0,
    "error" : 0.0
  }
},{
  "dateTime" : "09/23/24 00:00:00",
  "value" : {
    "date" : null,
    "value" : 0.0,
    "error" : 0.0
  }
},{
  "dateTime" : "09/24/24 00:00:00",
  "value" : {
    "date" : null,
    "value" : 0.0,
    "error" : 0.0
  }
},{
  "dateTime" : "09/25/24 00:00:00",
  "value" : {
    "date" : null,
    "value" : 0.0,
    "error" : 0.0
  }
},{
  "dateTime" : "09/26/24 00:00:00",
  "value" : {
    "date" : null,
    "value" : 0.0,
    "error" : 0.0
  }
},{
  "dateTime" : "09/27/24 00:00:00",
  "value" : {
    "date" : null,
    "value" : 0.0,
    "error" : 0.0
  }
},{
  "dateTime" : "09/28/24 00:00:00",
  "value" : {
    "date" : null,
    "value" : 0.0,
    "error" : 0.0
  }
},{
  "dateTime" : "09/29/24 00:00:00",
  "value" : {
    "date" : null,
    "value" : 0.0,
    "error" : 0.0
  }
},{
  "dateTime" : "09/30/24 00:00:00",
  "value" : {
    "date" : null,
    "value" : 0.0,
    "error" : 0.0
  }
},{
  "dateTime" : "10/01/24 00:00:00",
  "value" : {
    "date" : null,
    "value" : 0.0,
    "error" : 0.0
  }
},{
  "dateTime" : "10/02/24 00:00:00",
  "value" : {
    "date" : null,
    "value" : 0.0,
    "error" : 0.0
  }
},{
  "dateTime" : "10/03/24 00:00:00",
  "value" : {
    "date" : null,
    "value" : 0.0,
    "error" : 0.0
  }
},{
  "dateTime" : "10/04/24 00:00:00",
  "value" : {
    "date" : null,
    "value" : 0.0,
    "error" : 0.0
  }
},{
  "dateTime" : "10/05/24 00:00:00",
  "value" : {
    "date" : null,
    "value" : 0.0,
    "error" : 0.0
  }
},{
  "dateTime" : "10/06/24 00:00:00",
  "value" : {
    "date" : null,
    "value" : 0.0,
    "error" : 0.0
  }
},{
  "dateTime" : "10/07/24 00:00:00",
  "value" : {
    "date" : null,
    "value" : 0.0,
    "error" : 0.0
  }
},{
  "dateTime" : "10/08/24 00:00:00",
  "value" : {
    "date" : null,
    "value" : 0.0,
    "error" : 0.0
  }
},{
  "dateTime" : "10/09/24 00:00:00",
  "value" : {
    "date" : null,
    "value" : 0.0,
    "error" : 0.0
  }
},{
  "dateTime" : "10/10/24 00:00:00",
  "value" : {
    "date" : null,
    "value" : 0.0,
    "error" : 0.0
  }
},{
  "dateTime" : "10/11/24 00:00:00",
  "value" : {
    "date" : null,
    "value" : 0.0,
    "error" : 0.0
  }
},{
  "dateTime" : "10/12/24 00:00:00",
  "value" : {
    "date" : null,
    "value" : 0.0,
    "error" : 0.0
  }
},{
  "dateTime" : "10/13/24 00:00:00",
  "value" : {
    "date" : null,
    "value" : 0.0,
    "error" : 0.0
  }
},{
  "dateTime" : "10/14/24 00:00:00",
  "value" : {
    "date" : null,
    "value" : 0.0,
    "error" : 0.0
  }
},{
  "dateTime" : "10/15/24 00:00:00",
  "value" : {
    "date" : null,
    "value" : 0.0,
    "error" : 0.0
  }
},{
  "dateTime" : "10/16/24 00:00:00",
  "value" : {
    "date" : null,
    "value" : 0.0,
    "error" : 0.0
  }
},{
  "dateTime" : "10/17/24 00:00:00",
  "value" : {
    "date" : null,
    "value" : 0.0,
    "error" : 0.0
  }
},{
  "dateTime" : "10/18/24 00:00:00",
  "value" : {
    "date" : null,
    "value" : 0.0,
    "error" : 0.0
  }
},{
  "dateTime" : "10/19/24 00:00:00",
  "value" : {
    "date" : null,
    "value" : 0.0,
    "error" : 0.0
  }
},{
  "dateTime" : "10/20/24 00:00:00",
  "value" : {
    "date" : null,
    "value" : 0.0,
    "error" : 0.0
  }
},{
  "dateTime" : "10/21/24 00:00:00",
  "value" : {
    "date" : null,
    "value" : 0.0,
    "error" : 0.0
  }
},{
  "dateTime" : "10/22/24 00:00:00",
  "value" : {
    "date" : null,
    "value" : 0.0,
    "error" : 0.0
  }
},{
  "dateTime" : "10/23/24 00:00:00",
  "value" : {
    "date" : null,
    "value" : 0.0,
    "error" : 0.0
  }
},{
  "dateTime" : "10/24/24 00:00:00",
  "value" : {
    "date" : null,
    "value" : 0.0,
    "error" : 0.0
  }
},{
  "dateTime" : "10/25/24 00:00:00",
  "value" : {
    "date" : null,
    "value" : 0.0,
    "error" : 0.0
  }
},{
  "dateTime" : "10/26/24 00:00:00",
  "value" : {
    "date" : null,
    "value" : 0.0,
    "error" : 0.0
  }
},{
  "dateTime" : "10/27/24 00:00:00",
  "value" : {
    "date" : null,
    "value" : 0.0,
    "error" : 0.0
  }
},{
  "dateTime" : "10/28/24 00:00:00",
  "value" : {
    "date" : null,
    "value" : 0.0,
    "error" : 0.0
  }
},{
  "dateTime" : "10/29/24 00:00:00",
  "value" : {
    "date" : null,
    "value" : 0.0,
    "error" : 0.0
  }
},{
  "dateTime" : "10/30/24 00:00:00",
  "value" : {
    "date" : null,
    "value" : 0.0,
    "error" : 0.0
  }
},{
  "dateTime" : "10/31/24 00:00:00",
  "value" : {
    "date" : null,
    "value" : 0.0,
    "error" : 0.0
  }
},{
  "dateTime" : "11/01/24 00:00:00",
  "value" : {
    "date" : null,
    "value" : 0.0,
    "error" : 0.0
  }
},{
  "dateTime" : "11/02/24 00:00:00",
  "value" : {
    "date" : null,
    "value" : 0.0,
    "error" : 0.0
  }
},{
  "dateTime" : "11/03/24 00:00:00",
  "value" : {
    "date" : null,
    "value" : 0.0,
    "error" : 0.0
  }
},{
  "dateTime" : "11/04/24 00:00:00",
  "value" : {
    "date" : null,
    "value" : 0.0,
    "error" : 0.0
  }
},{
  "dateTime" : "11/05/24 00:00:00",
  "value" : {
    "date" : null,
    "value" : 0.0,
    "error" : 0.0
  }
},{
  "dateTime" : "11/06/24 00:00:00",
  "value" : {
    "date" : null,
    "value" : 0.0,
    "error" : 0.0
  }
},{
  "dateTime" : "11/07/24 00:00:00",
  "value" : {
    "date" : null,
    "value" : 0.0,
    "error" : 0.0
  }
},{
  "dateTime" : "11/08/24 00:00:00",
  "value" : {
    "date" : null,
    "value" : 0.0,
    "error" : 0.0
  }
},{
  "dateTime" : "11/09/24 00:00:00",
  "value" : {
    "date" : null,
    "value" : 0.0,
    "error" : 0.0
  }
},{
  "dateTime" : "11/10/24 00:00:00",
  "value" : {
    "date" : null,
    "value" : 0.0,
    "error" : 0.0
  }
},{
  "dateTime" : "11/11/24 00:00:00",
  "value" : {
    "date" : null,
    "value" : 0.0,
    "error" : 0.0
  }
},{
  "dateTime" : "11/12/24 00:00:00",
  "value" : {
    "date" : null,
    "value" : 0.0,
    "error" : 0.0
  }
},{
  "dateTime" : "11/13/24 00:00:00",
  "value" : {
    "date" : null,
    "value" : 0.0,
    "error" : 0.0
  }
},{
  "dateTime" : "11/14/24 00:00:00",
  "value" : {
    "date" : null,
    "value" : 0.0,
    "error" : 0.0
  }
},{
  "dateTime" : "11/15/24 00:00:00",
  "value" : {
    "date" : null,
    "value" : 0.0,
    "error" : 0.0
  }
},{
  "dateTime" : "11/16/24 00:00:00",
  "value" : {
    "date" : null,
    "value" : 0.0,
    "error" : 0.0
  }
},{
  "dateTime" : "11/17/24 00:00:00",
  "value" : {
    "date" : null,
    "value" : 0.0,
    "error" : 0.0
  }
},{
  "dateTime" : "11/18/24 00:00:00",
  "value" : {
    "date" : null,
    "value" : 0.0,
    "error" : 0.0
  }
},{
  "dateTime" : "11/19/24 00:00:00",
  "value" : {
    "date" : null,
    "value" : 0.0,
    "error" : 0.0
  }
},{
  "dateTime" : "11/20/24 00:00:00",
  "value" : {
    "date" : null,
    "value" : 0.0,
    "error" : 0.0
  }
},{
  "dateTime" : "11/21/24 00:00:00",
  "value" : {
    "date" : null,
    "value" : 0.0,
    "error" : 0.0
  }
},{
  "dateTime" : "11/22/24 00:00:00",
  "value" : {
    "date" : null,
    "value" : 0.0,
    "error" : 0.0
  }
},{
  "dateTime" : "11/23/24 00:00:00",
  "value" : {
    "date" : null,
    "value" : 0.0,
    "error" : 0.0
  }
},{
  "dateTime" : "11/24/24 00:00:00",
  "value" : {
    "date" : null,
    "value" : 0.0,
    "error" : 0.0
  }
}]