[{
  "dateTime" : "11/26/23 00:00:00",
  "value" : "1440"
},{
  "dateTime" : "11/27/23 00:00:00",
  "value" : "1114"
},{
  "dateTime" : "11/28/23 00:00:00",
  "value" : "756"
},{
  "dateTime" : "11/29/23 00:00:00",
  "value" : "777"
},{
  "dateTime" : "11/30/23 00:00:00",
  "value" : "958"
},{
  "dateTime" : "12/01/23 00:00:00",
  "value" : "568"
},{
  "dateTime" : "12/02/23 00:00:00",
  "value" : "480"
},{
  "dateTime" : "12/03/23 00:00:00",
  "value" : "469"
},{
  "dateTime" : "12/04/23 00:00:00",
  "value" : "636"
},{
  "dateTime" : "12/05/23 00:00:00",
  "value" : "498"
},{
  "dateTime" : "12/06/23 00:00:00",
  "value" : "954"
},{
  "dateTime" : "12/07/23 00:00:00",
  "value" : "1122"
},{
  "dateTime" : "12/08/23 00:00:00",
  "value" : "454"
},{
  "dateTime" : "12/09/23 00:00:00",
  "value" : "604"
},{
  "dateTime" : "12/10/23 00:00:00",
  "value" : "804"
},{
  "dateTime" : "12/11/23 00:00:00",
  "value" : "774"
},{
  "dateTime" : "12/12/23 00:00:00",
  "value" : "656"
},{
  "dateTime" : "12/13/23 00:00:00",
  "value" : "710"
},{
  "dateTime" : "12/14/23 00:00:00",
  "value" : "780"
},{
  "dateTime" : "12/15/23 00:00:00",
  "value" : "749"
},{
  "dateTime" : "12/16/23 00:00:00",
  "value" : "563"
},{
  "dateTime" : "12/17/23 00:00:00",
  "value" : "585"
},{
  "dateTime" : "12/18/23 00:00:00",
  "value" : "608"
},{
  "dateTime" : "12/19/23 00:00:00",
  "value" : "1440"
},{
  "dateTime" : "12/20/23 00:00:00",
  "value" : "1440"
},{
  "dateTime" : "12/21/23 00:00:00",
  "value" : "1440"
},{
  "dateTime" : "12/22/23 00:00:00",
  "value" : "1440"
},{
  "dateTime" : "12/23/23 00:00:00",
  "value" : "1440"
},{
  "dateTime" : "12/24/23 00:00:00",
  "value" : "1440"
},{
  "dateTime" : "12/25/23 00:00:00",
  "value" : "1440"
}]