[{
  "logId" : 43847439814,
  "dateOfSleep" : "2023-12-17",
  "startTime" : "2023-12-17T02:55:00.000",
  "endTime" : "2023-12-17T09:14:30.000",
  "duration" : 22740000,
  "minutesToFallAsleep" : 0,
  "minutesAsleep" : 350,
  "minutesAwake" : 29,
  "minutesAfterWakeup" : 0,
  "timeInBed" : 379,
  "efficiency" : 92,
  "type" : "stages",
  "infoCode" : 0,
  "logType" : "auto_detected",
  "levels" : {
    "summary" : {
      "deep" : {
        "count" : 5,
        "minutes" : 87,
        "thirtyDayAvgMinutes" : 88
      },
      "wake" : {
        "count" : 22,
        "minutes" : 29,
        "thirtyDayAvgMinutes" : 63
      },
      "light" : {
        "count" : 12,
        "minutes" : 164,
        "thirtyDayAvgMinutes" : 245
      },
      "rem" : {
        "count" : 17,
        "minutes" : 99,
        "thirtyDayAvgMinutes" : 75
      }
    },
    "data" : [{
      "dateTime" : "2023-12-17T02:55:00.000",
      "level" : "wake",
      "seconds" : 300
    },{
      "dateTime" : "2023-12-17T03:00:00.000",
      "level" : "light",
      "seconds" : 570
    },{
      "dateTime" : "2023-12-17T03:09:30.000",
      "level" : "deep",
      "seconds" : 1080
    },{
      "dateTime" : "2023-12-17T03:27:30.000",
      "level" : "light",
      "seconds" : 780
    },{
      "dateTime" : "2023-12-17T03:40:30.000",
      "level" : "deep",
      "seconds" : 1170
    },{
      "dateTime" : "2023-12-17T04:00:00.000",
      "level" : "light",
      "seconds" : 2310
    },{
      "dateTime" : "2023-12-17T04:38:30.000",
      "level" : "deep",
      "seconds" : 330
    },{
      "dateTime" : "2023-12-17T04:44:00.000",
      "level" : "light",
      "seconds" : 960
    },{
      "dateTime" : "2023-12-17T05:00:00.000",
      "level" : "rem",
      "seconds" : 1680
    },{
      "dateTime" : "2023-12-17T05:28:00.000",
      "level" : "light",
      "seconds" : 2100
    },{
      "dateTime" : "2023-12-17T06:03:00.000",
      "level" : "deep",
      "seconds" : 1620
    },{
      "dateTime" : "2023-12-17T06:30:00.000",
      "level" : "rem",
      "seconds" : 1500
    },{
      "dateTime" : "2023-12-17T06:55:00.000",
      "level" : "light",
      "seconds" : 180
    },{
      "dateTime" : "2023-12-17T06:58:00.000",
      "level" : "wake",
      "seconds" : 570
    },{
      "dateTime" : "2023-12-17T07:07:30.000",
      "level" : "light",
      "seconds" : 1650
    },{
      "dateTime" : "2023-12-17T07:35:00.000",
      "level" : "rem",
      "seconds" : 2250
    },{
      "dateTime" : "2023-12-17T08:12:30.000",
      "level" : "light",
      "seconds" : 750
    },{
      "dateTime" : "2023-12-17T08:25:00.000",
      "level" : "deep",
      "seconds" : 990
    },{
      "dateTime" : "2023-12-17T08:41:30.000",
      "level" : "light",
      "seconds" : 750
    },{
      "dateTime" : "2023-12-17T08:54:00.000",
      "level" : "rem",
      "seconds" : 1230
    }],
    "shortData" : [{
      "dateTime" : "2023-12-17T04:00:00.000",
      "level" : "wake",
      "seconds" : 60
    },{
      "dateTime" : "2023-12-17T04:44:00.000",
      "level" : "wake",
      "seconds" : 30
    },{
      "dateTime" : "2023-12-17T05:14:30.000",
      "level" : "wake",
      "seconds" : 30
    },{
      "dateTime" : "2023-12-17T05:19:30.000",
      "level" : "wake",
      "seconds" : 30
    },{
      "dateTime" : "2023-12-17T05:27:00.000",
      "level" : "wake",
      "seconds" : 60
    },{
      "dateTime" : "2023-12-17T05:50:00.000",
      "level" : "wake",
      "seconds" : 30
    },{
      "dateTime" : "2023-12-17T06:34:00.000",
      "level" : "wake",
      "seconds" : 30
    },{
      "dateTime" : "2023-12-17T06:38:00.000",
      "level" : "wake",
      "seconds" : 60
    },{
      "dateTime" : "2023-12-17T06:44:00.000",
      "level" : "wake",
      "seconds" : 30
    },{
      "dateTime" : "2023-12-17T06:48:00.000",
      "level" : "wake",
      "seconds" : 30
    },{
      "dateTime" : "2023-12-17T06:54:30.000",
      "level" : "wake",
      "seconds" : 30
    },{
      "dateTime" : "2023-12-17T07:44:30.000",
      "level" : "wake",
      "seconds" : 120
    },{
      "dateTime" : "2023-12-17T07:48:30.000",
      "level" : "wake",
      "seconds" : 30
    },{
      "dateTime" : "2023-12-17T07:55:00.000",
      "level" : "wake",
      "seconds" : 30
    },{
      "dateTime" : "2023-12-17T08:00:00.000",
      "level" : "wake",
      "seconds" : 30
    },{
      "dateTime" : "2023-12-17T08:02:30.000",
      "level" : "wake",
      "seconds" : 90
    },{
      "dateTime" : "2023-12-17T08:10:00.000",
      "level" : "wake",
      "seconds" : 60
    },{
      "dateTime" : "2023-12-17T08:16:00.000",
      "level" : "wake",
      "seconds" : 30
    },{
      "dateTime" : "2023-12-17T08:44:00.000",
      "level" : "wake",
      "seconds" : 30
    },{
      "dateTime" : "2023-12-17T08:59:30.000",
      "level" : "wake",
      "seconds" : 30
    }]
  },
  "mainSleep" : true
},{
  "logId" : 43836260911,
  "dateOfSleep" : "2023-12-16",
  "startTime" : "2023-12-16T01:45:00.000",
  "endTime" : "2023-12-16T08:58:30.000",
  "duration" : 25980000,
  "minutesToFallAsleep" : 0,
  "minutesAsleep" : 381,
  "minutesAwake" : 52,
  "minutesAfterWakeup" : 0,
  "timeInBed" : 433,
  "efficiency" : 93,
  "type" : "stages",
  "infoCode" : 0,
  "logType" : "auto_detected",
  "levels" : {
    "summary" : {
      "deep" : {
        "count" : 4,
        "minutes" : 91,
        "thirtyDayAvgMinutes" : 88
      },
      "wake" : {
        "count" : 20,
        "minutes" : 52,
        "thirtyDayAvgMinutes" : 64
      },
      "light" : {
        "count" : 19,
        "minutes" : 221,
        "thirtyDayAvgMinutes" : 247
      },
      "rem" : {
        "count" : 6,
        "minutes" : 69,
        "thirtyDayAvgMinutes" : 75
      }
    },
    "data" : [{
      "dateTime" : "2023-12-16T01:45:00.000",
      "level" : "light",
      "seconds" : 270
    },{
      "dateTime" : "2023-12-16T01:49:30.000",
      "level" : "deep",
      "seconds" : 2670
    },{
      "dateTime" : "2023-12-16T02:34:00.000",
      "level" : "light",
      "seconds" : 1500
    },{
      "dateTime" : "2023-12-16T02:59:00.000",
      "level" : "deep",
      "seconds" : 1410
    },{
      "dateTime" : "2023-12-16T03:22:30.000",
      "level" : "light",
      "seconds" : 1440
    },{
      "dateTime" : "2023-12-16T03:46:30.000",
      "level" : "rem",
      "seconds" : 330
    },{
      "dateTime" : "2023-12-16T03:52:00.000",
      "level" : "light",
      "seconds" : 3300
    },{
      "dateTime" : "2023-12-16T04:47:00.000",
      "level" : "rem",
      "seconds" : 1830
    },{
      "dateTime" : "2023-12-16T05:17:30.000",
      "level" : "light",
      "seconds" : 870
    },{
      "dateTime" : "2023-12-16T05:32:00.000",
      "level" : "deep",
      "seconds" : 420
    },{
      "dateTime" : "2023-12-16T05:39:00.000",
      "level" : "light",
      "seconds" : 330
    },{
      "dateTime" : "2023-12-16T05:44:30.000",
      "level" : "deep",
      "seconds" : 1050
    },{
      "dateTime" : "2023-12-16T06:02:00.000",
      "level" : "light",
      "seconds" : 1080
    },{
      "dateTime" : "2023-12-16T06:20:00.000",
      "level" : "wake",
      "seconds" : 420
    },{
      "dateTime" : "2023-12-16T06:27:00.000",
      "level" : "rem",
      "seconds" : 1200
    },{
      "dateTime" : "2023-12-16T06:47:00.000",
      "level" : "wake",
      "seconds" : 510
    },{
      "dateTime" : "2023-12-16T06:55:30.000",
      "level" : "light",
      "seconds" : 2640
    },{
      "dateTime" : "2023-12-16T07:39:30.000",
      "level" : "rem",
      "seconds" : 1050
    },{
      "dateTime" : "2023-12-16T07:57:00.000",
      "level" : "wake",
      "seconds" : 210
    },{
      "dateTime" : "2023-12-16T08:00:30.000",
      "level" : "light",
      "seconds" : 2460
    },{
      "dateTime" : "2023-12-16T08:41:30.000",
      "level" : "wake",
      "seconds" : 1020
    }],
    "shortData" : [{
      "dateTime" : "2023-12-16T02:33:30.000",
      "level" : "wake",
      "seconds" : 30
    },{
      "dateTime" : "2023-12-16T02:46:30.000",
      "level" : "wake",
      "seconds" : 60
    },{
      "dateTime" : "2023-12-16T02:53:30.000",
      "level" : "wake",
      "seconds" : 90
    },{
      "dateTime" : "2023-12-16T03:45:00.000",
      "level" : "wake",
      "seconds" : 30
    },{
      "dateTime" : "2023-12-16T03:52:00.000",
      "level" : "wake",
      "seconds" : 120
    },{
      "dateTime" : "2023-12-16T04:01:30.000",
      "level" : "wake",
      "seconds" : 60
    },{
      "dateTime" : "2023-12-16T05:11:00.000",
      "level" : "wake",
      "seconds" : 30
    },{
      "dateTime" : "2023-12-16T05:15:00.000",
      "level" : "wake",
      "seconds" : 150
    },{
      "dateTime" : "2023-12-16T06:01:00.000",
      "level" : "wake",
      "seconds" : 60
    },{
      "dateTime" : "2023-12-16T06:09:00.000",
      "level" : "wake",
      "seconds" : 30
    },{
      "dateTime" : "2023-12-16T06:14:00.000",
      "level" : "wake",
      "seconds" : 30
    },{
      "dateTime" : "2023-12-16T07:07:00.000",
      "level" : "wake",
      "seconds" : 60
    },{
      "dateTime" : "2023-12-16T07:31:30.000",
      "level" : "wake",
      "seconds" : 30
    },{
      "dateTime" : "2023-12-16T07:53:00.000",
      "level" : "wake",
      "seconds" : 90
    },{
      "dateTime" : "2023-12-16T08:32:00.000",
      "level" : "wake",
      "seconds" : 90
    },{
      "dateTime" : "2023-12-16T08:36:30.000",
      "level" : "wake",
      "seconds" : 30
    }]
  },
  "mainSleep" : true
},{
  "logId" : 43825451967,
  "dateOfSleep" : "2023-12-15",
  "startTime" : "2023-12-15T00:47:30.000",
  "endTime" : "2023-12-15T07:46:30.000",
  "duration" : 25140000,
  "minutesToFallAsleep" : 0,
  "minutesAsleep" : 394,
  "minutesAwake" : 25,
  "minutesAfterWakeup" : 0,
  "timeInBed" : 419,
  "efficiency" : 97,
  "type" : "stages",
  "infoCode" : 0,
  "logType" : "auto_detected",
  "levels" : {
    "summary" : {
      "deep" : {
        "count" : 6,
        "minutes" : 102,
        "thirtyDayAvgMinutes" : 87
      },
      "wake" : {
        "count" : 24,
        "minutes" : 25,
        "thirtyDayAvgMinutes" : 66
      },
      "light" : {
        "count" : 20,
        "minutes" : 186,
        "thirtyDayAvgMinutes" : 251
      },
      "rem" : {
        "count" : 12,
        "minutes" : 106,
        "thirtyDayAvgMinutes" : 73
      }
    },
    "data" : [{
      "dateTime" : "2023-12-15T00:47:30.000",
      "level" : "wake",
      "seconds" : 30
    },{
      "dateTime" : "2023-12-15T00:48:00.000",
      "level" : "light",
      "seconds" : 600
    },{
      "dateTime" : "2023-12-15T00:58:00.000",
      "level" : "deep",
      "seconds" : 1740
    },{
      "dateTime" : "2023-12-15T01:27:00.000",
      "level" : "light",
      "seconds" : 300
    },{
      "dateTime" : "2023-12-15T01:32:00.000",
      "level" : "deep",
      "seconds" : 1980
    },{
      "dateTime" : "2023-12-15T02:05:00.000",
      "level" : "light",
      "seconds" : 2610
    },{
      "dateTime" : "2023-12-15T02:48:30.000",
      "level" : "deep",
      "seconds" : 300
    },{
      "dateTime" : "2023-12-15T02:53:30.000",
      "level" : "light",
      "seconds" : 2130
    },{
      "dateTime" : "2023-12-15T03:29:00.000",
      "level" : "rem",
      "seconds" : 2100
    },{
      "dateTime" : "2023-12-15T04:04:00.000",
      "level" : "light",
      "seconds" : 2160
    },{
      "dateTime" : "2023-12-15T04:40:00.000",
      "level" : "deep",
      "seconds" : 870
    },{
      "dateTime" : "2023-12-15T04:54:30.000",
      "level" : "light",
      "seconds" : 420
    },{
      "dateTime" : "2023-12-15T05:01:30.000",
      "level" : "rem",
      "seconds" : 1200
    },{
      "dateTime" : "2023-12-15T05:21:30.000",
      "level" : "light",
      "seconds" : 870
    },{
      "dateTime" : "2023-12-15T05:36:00.000",
      "level" : "deep",
      "seconds" : 750
    },{
      "dateTime" : "2023-12-15T05:48:30.000",
      "level" : "light",
      "seconds" : 150
    },{
      "dateTime" : "2023-12-15T05:51:00.000",
      "level" : "rem",
      "seconds" : 1470
    },{
      "dateTime" : "2023-12-15T06:15:30.000",
      "level" : "light",
      "seconds" : 2040
    },{
      "dateTime" : "2023-12-15T06:49:30.000",
      "level" : "deep",
      "seconds" : 750
    },{
      "dateTime" : "2023-12-15T07:02:00.000",
      "level" : "light",
      "seconds" : 630
    },{
      "dateTime" : "2023-12-15T07:12:30.000",
      "level" : "rem",
      "seconds" : 2040
    }],
    "shortData" : [{
      "dateTime" : "2023-12-15T01:26:00.000",
      "level" : "wake",
      "seconds" : 60
    },{
      "dateTime" : "2023-12-15T02:02:30.000",
      "level" : "wake",
      "seconds" : 150
    },{
      "dateTime" : "2023-12-15T02:23:30.000",
      "level" : "wake",
      "seconds" : 30
    },{
      "dateTime" : "2023-12-15T02:35:30.000",
      "level" : "wake",
      "seconds" : 60
    },{
      "dateTime" : "2023-12-15T03:22:00.000",
      "level" : "wake",
      "seconds" : 60
    },{
      "dateTime" : "2023-12-15T03:34:30.000",
      "level" : "wake",
      "seconds" : 60
    },{
      "dateTime" : "2023-12-15T03:45:00.000",
      "level" : "wake",
      "seconds" : 60
    },{
      "dateTime" : "2023-12-15T04:02:00.000",
      "level" : "wake",
      "seconds" : 30
    },{
      "dateTime" : "2023-12-15T04:05:30.000",
      "level" : "wake",
      "seconds" : 90
    },{
      "dateTime" : "2023-12-15T04:20:30.000",
      "level" : "wake",
      "seconds" : 30
    },{
      "dateTime" : "2023-12-15T04:54:00.000",
      "level" : "wake",
      "seconds" : 30
    },{
      "dateTime" : "2023-12-15T05:14:00.000",
      "level" : "wake",
      "seconds" : 120
    },{
      "dateTime" : "2023-12-15T05:24:00.000",
      "level" : "wake",
      "seconds" : 60
    },{
      "dateTime" : "2023-12-15T05:47:30.000",
      "level" : "wake",
      "seconds" : 60
    },{
      "dateTime" : "2023-12-15T05:51:00.000",
      "level" : "wake",
      "seconds" : 60
    },{
      "dateTime" : "2023-12-15T06:06:30.000",
      "level" : "wake",
      "seconds" : 30
    },{
      "dateTime" : "2023-12-15T06:08:30.000",
      "level" : "wake",
      "seconds" : 30
    },{
      "dateTime" : "2023-12-15T06:26:30.000",
      "level" : "wake",
      "seconds" : 30
    },{
      "dateTime" : "2023-12-15T06:36:00.000",
      "level" : "wake",
      "seconds" : 60
    },{
      "dateTime" : "2023-12-15T07:04:00.000",
      "level" : "wake",
      "seconds" : 60
    },{
      "dateTime" : "2023-12-15T07:09:00.000",
      "level" : "wake",
      "seconds" : 60
    },{
      "dateTime" : "2023-12-15T07:35:30.000",
      "level" : "wake",
      "seconds" : 30
    },{
      "dateTime" : "2023-12-15T07:39:30.000",
      "level" : "wake",
      "seconds" : 30
    }]
  },
  "mainSleep" : true
},{
  "logId" : 43813795387,
  "dateOfSleep" : "2023-12-14",
  "startTime" : "2023-12-13T23:11:30.000",
  "endTime" : "2023-12-14T09:41:00.000",
  "duration" : 37740000,
  "minutesToFallAsleep" : 0,
  "minutesAsleep" : 541,
  "minutesAwake" : 88,
  "minutesAfterWakeup" : 5,
  "timeInBed" : 629,
  "efficiency" : 91,
  "type" : "stages",
  "infoCode" : 0,
  "logType" : "auto_detected",
  "levels" : {
    "summary" : {
      "deep" : {
        "count" : 5,
        "minutes" : 114,
        "thirtyDayAvgMinutes" : 85
      },
      "wake" : {
        "count" : 36,
        "minutes" : 88,
        "thirtyDayAvgMinutes" : 65
      },
      "light" : {
        "count" : 32,
        "minutes" : 301,
        "thirtyDayAvgMinutes" : 247
      },
      "rem" : {
        "count" : 13,
        "minutes" : 126,
        "thirtyDayAvgMinutes" : 69
      }
    },
    "data" : [{
      "dateTime" : "2023-12-13T23:11:30.000",
      "level" : "wake",
      "seconds" : 30
    },{
      "dateTime" : "2023-12-13T23:12:00.000",
      "level" : "light",
      "seconds" : 450
    },{
      "dateTime" : "2023-12-13T23:19:30.000",
      "level" : "deep",
      "seconds" : 2430
    },{
      "dateTime" : "2023-12-14T00:00:00.000",
      "level" : "light",
      "seconds" : 630
    },{
      "dateTime" : "2023-12-14T00:10:30.000",
      "level" : "deep",
      "seconds" : 1350
    },{
      "dateTime" : "2023-12-14T00:33:00.000",
      "level" : "light",
      "seconds" : 1020
    },{
      "dateTime" : "2023-12-14T00:50:00.000",
      "level" : "deep",
      "seconds" : 1350
    },{
      "dateTime" : "2023-12-14T01:12:30.000",
      "level" : "light",
      "seconds" : 1080
    },{
      "dateTime" : "2023-12-14T01:30:30.000",
      "level" : "rem",
      "seconds" : 960
    },{
      "dateTime" : "2023-12-14T01:46:30.000",
      "level" : "light",
      "seconds" : 3840
    },{
      "dateTime" : "2023-12-14T02:50:30.000",
      "level" : "rem",
      "seconds" : 1020
    },{
      "dateTime" : "2023-12-14T03:07:30.000",
      "level" : "light",
      "seconds" : 2310
    },{
      "dateTime" : "2023-12-14T03:46:00.000",
      "level" : "rem",
      "seconds" : 1440
    },{
      "dateTime" : "2023-12-14T04:10:00.000",
      "level" : "wake",
      "seconds" : 540
    },{
      "dateTime" : "2023-12-14T04:19:00.000",
      "level" : "light",
      "seconds" : 3840
    },{
      "dateTime" : "2023-12-14T05:23:00.000",
      "level" : "rem",
      "seconds" : 1710
    },{
      "dateTime" : "2023-12-14T05:51:30.000",
      "level" : "light",
      "seconds" : 1170
    },{
      "dateTime" : "2023-12-14T06:11:00.000",
      "level" : "wake",
      "seconds" : 810
    },{
      "dateTime" : "2023-12-14T06:24:30.000",
      "level" : "light",
      "seconds" : 330
    },{
      "dateTime" : "2023-12-14T06:30:00.000",
      "level" : "wake",
      "seconds" : 720
    },{
      "dateTime" : "2023-12-14T06:42:00.000",
      "level" : "light",
      "seconds" : 540
    },{
      "dateTime" : "2023-12-14T06:51:00.000",
      "level" : "wake",
      "seconds" : 900
    },{
      "dateTime" : "2023-12-14T07:06:00.000",
      "level" : "light",
      "seconds" : 240
    },{
      "dateTime" : "2023-12-14T07:10:00.000",
      "level" : "wake",
      "seconds" : 420
    },{
      "dateTime" : "2023-12-14T07:17:00.000",
      "level" : "light",
      "seconds" : 1770
    },{
      "dateTime" : "2023-12-14T07:46:30.000",
      "level" : "deep",
      "seconds" : 900
    },{
      "dateTime" : "2023-12-14T08:01:30.000",
      "level" : "light",
      "seconds" : 450
    },{
      "dateTime" : "2023-12-14T08:09:00.000",
      "level" : "rem",
      "seconds" : 2850
    },{
      "dateTime" : "2023-12-14T08:56:30.000",
      "level" : "light",
      "seconds" : 1500
    },{
      "dateTime" : "2023-12-14T09:21:30.000",
      "level" : "deep",
      "seconds" : 840
    },{
      "dateTime" : "2023-12-14T09:35:30.000",
      "level" : "light",
      "seconds" : 30
    },{
      "dateTime" : "2023-12-14T09:36:00.000",
      "level" : "wake",
      "seconds" : 300
    }],
    "shortData" : [{
      "dateTime" : "2023-12-14T00:32:30.000",
      "level" : "wake",
      "seconds" : 30
    },{
      "dateTime" : "2023-12-14T01:14:00.000",
      "level" : "wake",
      "seconds" : 30
    },{
      "dateTime" : "2023-12-14T01:34:00.000",
      "level" : "wake",
      "seconds" : 30
    },{
      "dateTime" : "2023-12-14T01:46:30.000",
      "level" : "wake",
      "seconds" : 60
    },{
      "dateTime" : "2023-12-14T02:09:00.000",
      "level" : "wake",
      "seconds" : 60
    },{
      "dateTime" : "2023-12-14T02:19:00.000",
      "level" : "wake",
      "seconds" : 60
    },{
      "dateTime" : "2023-12-14T02:48:30.000",
      "level" : "wake",
      "seconds" : 30
    },{
      "dateTime" : "2023-12-14T02:55:30.000",
      "level" : "wake",
      "seconds" : 30
    },{
      "dateTime" : "2023-12-14T03:00:30.000",
      "level" : "wake",
      "seconds" : 30
    },{
      "dateTime" : "2023-12-14T03:38:00.000",
      "level" : "wake",
      "seconds" : 30
    },{
      "dateTime" : "2023-12-14T04:21:00.000",
      "level" : "wake",
      "seconds" : 30
    },{
      "dateTime" : "2023-12-14T04:23:00.000",
      "level" : "wake",
      "seconds" : 30
    },{
      "dateTime" : "2023-12-14T04:45:30.000",
      "level" : "wake",
      "seconds" : 60
    },{
      "dateTime" : "2023-12-14T04:48:30.000",
      "level" : "wake",
      "seconds" : 60
    },{
      "dateTime" : "2023-12-14T05:16:30.000",
      "level" : "wake",
      "seconds" : 120
    },{
      "dateTime" : "2023-12-14T05:20:00.000",
      "level" : "wake",
      "seconds" : 120
    },{
      "dateTime" : "2023-12-14T05:28:30.000",
      "level" : "wake",
      "seconds" : 30
    },{
      "dateTime" : "2023-12-14T05:43:00.000",
      "level" : "wake",
      "seconds" : 30
    },{
      "dateTime" : "2023-12-14T05:47:30.000",
      "level" : "wake",
      "seconds" : 30
    },{
      "dateTime" : "2023-12-14T05:49:30.000",
      "level" : "wake",
      "seconds" : 120
    },{
      "dateTime" : "2023-12-14T05:54:30.000",
      "level" : "wake",
      "seconds" : 30
    },{
      "dateTime" : "2023-12-14T05:57:00.000",
      "level" : "wake",
      "seconds" : 30
    },{
      "dateTime" : "2023-12-14T07:21:30.000",
      "level" : "wake",
      "seconds" : 120
    },{
      "dateTime" : "2023-12-14T08:02:00.000",
      "level" : "wake",
      "seconds" : 30
    },{
      "dateTime" : "2023-12-14T08:22:00.000",
      "level" : "wake",
      "seconds" : 30
    },{
      "dateTime" : "2023-12-14T08:33:30.000",
      "level" : "wake",
      "seconds" : 30
    },{
      "dateTime" : "2023-12-14T08:56:00.000",
      "level" : "wake",
      "seconds" : 30
    },{
      "dateTime" : "2023-12-14T09:02:00.000",
      "level" : "wake",
      "seconds" : 30
    },{
      "dateTime" : "2023-12-14T09:04:30.000",
      "level" : "wake",
      "seconds" : 30
    }]
  },
  "mainSleep" : true
},{
  "logId" : 43798780629,
  "dateOfSleep" : "2023-12-13",
  "startTime" : "2023-12-13T00:31:30.000",
  "endTime" : "2023-12-13T06:38:30.000",
  "duration" : 22020000,
  "minutesToFallAsleep" : 0,
  "minutesAsleep" : 308,
  "minutesAwake" : 59,
  "minutesAfterWakeup" : 1,
  "timeInBed" : 367,
  "efficiency" : 87,
  "type" : "stages",
  "infoCode" : 0,
  "logType" : "auto_detected",
  "levels" : {
    "summary" : {
      "deep" : {
        "count" : 2,
        "minutes" : 53,
        "thirtyDayAvgMinutes" : 87
      },
      "wake" : {
        "count" : 23,
        "minutes" : 59,
        "thirtyDayAvgMinutes" : 65
      },
      "light" : {
        "count" : 20,
        "minutes" : 183,
        "thirtyDayAvgMinutes" : 253
      },
      "rem" : {
        "count" : 10,
        "minutes" : 72,
        "thirtyDayAvgMinutes" : 69
      }
    },
    "data" : [{
      "dateTime" : "2023-12-13T00:31:30.000",
      "level" : "wake",
      "seconds" : 690
    },{
      "dateTime" : "2023-12-13T00:43:00.000",
      "level" : "light",
      "seconds" : 1650
    },{
      "dateTime" : "2023-12-13T01:10:30.000",
      "level" : "deep",
      "seconds" : 1410
    },{
      "dateTime" : "2023-12-13T01:34:00.000",
      "level" : "light",
      "seconds" : 510
    },{
      "dateTime" : "2023-12-13T01:42:30.000",
      "level" : "rem",
      "seconds" : 690
    },{
      "dateTime" : "2023-12-13T01:54:00.000",
      "level" : "light",
      "seconds" : 390
    },{
      "dateTime" : "2023-12-13T02:00:30.000",
      "level" : "deep",
      "seconds" : 1770
    },{
      "dateTime" : "2023-12-13T02:30:00.000",
      "level" : "light",
      "seconds" : 1740
    },{
      "dateTime" : "2023-12-13T02:59:00.000",
      "level" : "rem",
      "seconds" : 1230
    },{
      "dateTime" : "2023-12-13T03:19:30.000",
      "level" : "light",
      "seconds" : 2670
    },{
      "dateTime" : "2023-12-13T04:04:00.000",
      "level" : "rem",
      "seconds" : 2040
    },{
      "dateTime" : "2023-12-13T04:38:00.000",
      "level" : "light",
      "seconds" : 3720
    },{
      "dateTime" : "2023-12-13T05:40:00.000",
      "level" : "rem",
      "seconds" : 570
    },{
      "dateTime" : "2023-12-13T05:49:30.000",
      "level" : "wake",
      "seconds" : 1050
    },{
      "dateTime" : "2023-12-13T06:07:00.000",
      "level" : "light",
      "seconds" : 1200
    },{
      "dateTime" : "2023-12-13T06:27:00.000",
      "level" : "wake",
      "seconds" : 690
    }],
    "shortData" : [{
      "dateTime" : "2023-12-13T00:57:30.000",
      "level" : "wake",
      "seconds" : 150
    },{
      "dateTime" : "2023-12-13T01:05:00.000",
      "level" : "wake",
      "seconds" : 90
    },{
      "dateTime" : "2023-12-13T01:34:30.000",
      "level" : "wake",
      "seconds" : 30
    },{
      "dateTime" : "2023-12-13T01:53:30.000",
      "level" : "wake",
      "seconds" : 30
    },{
      "dateTime" : "2023-12-13T02:30:30.000",
      "level" : "wake",
      "seconds" : 60
    },{
      "dateTime" : "2023-12-13T02:55:30.000",
      "level" : "wake",
      "seconds" : 60
    },{
      "dateTime" : "2023-12-13T03:02:30.000",
      "level" : "wake",
      "seconds" : 30
    },{
      "dateTime" : "2023-12-13T03:07:30.000",
      "level" : "wake",
      "seconds" : 30
    },{
      "dateTime" : "2023-12-13T03:20:30.000",
      "level" : "wake",
      "seconds" : 30
    },{
      "dateTime" : "2023-12-13T03:28:00.000",
      "level" : "wake",
      "seconds" : 60
    },{
      "dateTime" : "2023-12-13T03:52:30.000",
      "level" : "wake",
      "seconds" : 60
    },{
      "dateTime" : "2023-12-13T04:07:00.000",
      "level" : "wake",
      "seconds" : 30
    },{
      "dateTime" : "2023-12-13T04:21:30.000",
      "level" : "wake",
      "seconds" : 30
    },{
      "dateTime" : "2023-12-13T04:24:30.000",
      "level" : "wake",
      "seconds" : 30
    },{
      "dateTime" : "2023-12-13T04:32:30.000",
      "level" : "wake",
      "seconds" : 30
    },{
      "dateTime" : "2023-12-13T04:40:00.000",
      "level" : "wake",
      "seconds" : 30
    },{
      "dateTime" : "2023-12-13T04:45:00.000",
      "level" : "wake",
      "seconds" : 60
    },{
      "dateTime" : "2023-12-13T05:04:00.000",
      "level" : "wake",
      "seconds" : 60
    },{
      "dateTime" : "2023-12-13T05:27:00.000",
      "level" : "wake",
      "seconds" : 180
    },{
      "dateTime" : "2023-12-13T05:35:00.000",
      "level" : "wake",
      "seconds" : 30
    }]
  },
  "mainSleep" : true
},{
  "logId" : 43789679890,
  "dateOfSleep" : "2023-12-12",
  "startTime" : "2023-12-12T00:21:00.000",
  "endTime" : "2023-12-12T07:11:30.000",
  "duration" : 24600000,
  "minutesToFallAsleep" : 0,
  "minutesAsleep" : 340,
  "minutesAwake" : 70,
  "minutesAfterWakeup" : 2,
  "timeInBed" : 410,
  "efficiency" : 87,
  "type" : "stages",
  "infoCode" : 0,
  "logType" : "auto_detected",
  "levels" : {
    "summary" : {
      "deep" : {
        "count" : 2,
        "minutes" : 64,
        "thirtyDayAvgMinutes" : 89
      },
      "wake" : {
        "count" : 24,
        "minutes" : 70,
        "thirtyDayAvgMinutes" : 65
      },
      "light" : {
        "count" : 21,
        "minutes" : 216,
        "thirtyDayAvgMinutes" : 256
      },
      "rem" : {
        "count" : 8,
        "minutes" : 60,
        "thirtyDayAvgMinutes" : 69
      }
    },
    "data" : [{
      "dateTime" : "2023-12-12T00:21:00.000",
      "level" : "wake",
      "seconds" : 540
    },{
      "dateTime" : "2023-12-12T00:30:00.000",
      "level" : "light",
      "seconds" : 1230
    },{
      "dateTime" : "2023-12-12T00:50:30.000",
      "level" : "deep",
      "seconds" : 960
    },{
      "dateTime" : "2023-12-12T01:06:30.000",
      "level" : "light",
      "seconds" : 1050
    },{
      "dateTime" : "2023-12-12T01:24:00.000",
      "level" : "deep",
      "seconds" : 2940
    },{
      "dateTime" : "2023-12-12T02:13:00.000",
      "level" : "light",
      "seconds" : 540
    },{
      "dateTime" : "2023-12-12T02:22:00.000",
      "level" : "wake",
      "seconds" : 720
    },{
      "dateTime" : "2023-12-12T02:34:00.000",
      "level" : "light",
      "seconds" : 2100
    },{
      "dateTime" : "2023-12-12T03:09:00.000",
      "level" : "wake",
      "seconds" : 330
    },{
      "dateTime" : "2023-12-12T03:14:30.000",
      "level" : "rem",
      "seconds" : 1110
    },{
      "dateTime" : "2023-12-12T03:33:00.000",
      "level" : "light",
      "seconds" : 390
    },{
      "dateTime" : "2023-12-12T03:39:30.000",
      "level" : "rem",
      "seconds" : 750
    },{
      "dateTime" : "2023-12-12T03:52:00.000",
      "level" : "wake",
      "seconds" : 270
    },{
      "dateTime" : "2023-12-12T03:56:30.000",
      "level" : "light",
      "seconds" : 2940
    },{
      "dateTime" : "2023-12-12T04:45:30.000",
      "level" : "rem",
      "seconds" : 960
    },{
      "dateTime" : "2023-12-12T05:01:30.000",
      "level" : "light",
      "seconds" : 4080
    },{
      "dateTime" : "2023-12-12T06:09:30.000",
      "level" : "rem",
      "seconds" : 630
    },{
      "dateTime" : "2023-12-12T06:20:00.000",
      "level" : "wake",
      "seconds" : 330
    },{
      "dateTime" : "2023-12-12T06:25:30.000",
      "level" : "rem",
      "seconds" : 270
    },{
      "dateTime" : "2023-12-12T06:30:00.000",
      "level" : "wake",
      "seconds" : 690
    },{
      "dateTime" : "2023-12-12T06:41:30.000",
      "level" : "light",
      "seconds" : 1170
    },{
      "dateTime" : "2023-12-12T07:01:00.000",
      "level" : "wake",
      "seconds" : 360
    },{
      "dateTime" : "2023-12-12T07:07:00.000",
      "level" : "light",
      "seconds" : 270
    }],
    "shortData" : [{
      "dateTime" : "2023-12-12T02:12:00.000",
      "level" : "wake",
      "seconds" : 60
    },{
      "dateTime" : "2023-12-12T02:18:00.000",
      "level" : "wake",
      "seconds" : 60
    },{
      "dateTime" : "2023-12-12T03:24:00.000",
      "level" : "wake",
      "seconds" : 30
    },{
      "dateTime" : "2023-12-12T03:29:30.000",
      "level" : "wake",
      "seconds" : 30
    },{
      "dateTime" : "2023-12-12T03:33:30.000",
      "level" : "wake",
      "seconds" : 30
    },{
      "dateTime" : "2023-12-12T03:35:30.000",
      "level" : "wake",
      "seconds" : 30
    },{
      "dateTime" : "2023-12-12T04:25:30.000",
      "level" : "wake",
      "seconds" : 30
    },{
      "dateTime" : "2023-12-12T04:36:00.000",
      "level" : "wake",
      "seconds" : 90
    },{
      "dateTime" : "2023-12-12T04:47:30.000",
      "level" : "wake",
      "seconds" : 60
    },{
      "dateTime" : "2023-12-12T05:02:00.000",
      "level" : "wake",
      "seconds" : 30
    },{
      "dateTime" : "2023-12-12T05:08:00.000",
      "level" : "wake",
      "seconds" : 60
    },{
      "dateTime" : "2023-12-12T05:11:00.000",
      "level" : "wake",
      "seconds" : 30
    },{
      "dateTime" : "2023-12-12T05:43:30.000",
      "level" : "wake",
      "seconds" : 150
    },{
      "dateTime" : "2023-12-12T06:49:30.000",
      "level" : "wake",
      "seconds" : 90
    },{
      "dateTime" : "2023-12-12T06:53:00.000",
      "level" : "wake",
      "seconds" : 30
    },{
      "dateTime" : "2023-12-12T06:55:30.000",
      "level" : "wake",
      "seconds" : 30
    },{
      "dateTime" : "2023-12-12T07:09:00.000",
      "level" : "wake",
      "seconds" : 150
    }]
  },
  "mainSleep" : true
},{
  "logId" : 43778837040,
  "dateOfSleep" : "2023-12-11",
  "startTime" : "2023-12-11T00:26:30.000",
  "endTime" : "2023-12-11T06:33:00.000",
  "duration" : 21960000,
  "minutesToFallAsleep" : 0,
  "minutesAsleep" : 327,
  "minutesAwake" : 39,
  "minutesAfterWakeup" : 1,
  "timeInBed" : 366,
  "efficiency" : 93,
  "type" : "stages",
  "infoCode" : 0,
  "logType" : "auto_detected",
  "levels" : {
    "summary" : {
      "deep" : {
        "count" : 3,
        "minutes" : 119,
        "thirtyDayAvgMinutes" : 87
      },
      "wake" : {
        "count" : 16,
        "minutes" : 39,
        "thirtyDayAvgMinutes" : 67
      },
      "light" : {
        "count" : 11,
        "minutes" : 146,
        "thirtyDayAvgMinutes" : 267
      },
      "rem" : {
        "count" : 7,
        "minutes" : 62,
        "thirtyDayAvgMinutes" : 70
      }
    },
    "data" : [{
      "dateTime" : "2023-12-11T00:26:30.000",
      "level" : "wake",
      "seconds" : 600
    },{
      "dateTime" : "2023-12-11T00:36:30.000",
      "level" : "light",
      "seconds" : 1200
    },{
      "dateTime" : "2023-12-11T00:56:30.000",
      "level" : "deep",
      "seconds" : 2940
    },{
      "dateTime" : "2023-12-11T01:45:30.000",
      "level" : "light",
      "seconds" : 2100
    },{
      "dateTime" : "2023-12-11T02:20:30.000",
      "level" : "deep",
      "seconds" : 870
    },{
      "dateTime" : "2023-12-11T02:35:00.000",
      "level" : "light",
      "seconds" : 1950
    },{
      "dateTime" : "2023-12-11T03:07:30.000",
      "level" : "rem",
      "seconds" : 2370
    },{
      "dateTime" : "2023-12-11T03:47:00.000",
      "level" : "light",
      "seconds" : 300
    },{
      "dateTime" : "2023-12-11T03:52:00.000",
      "level" : "deep",
      "seconds" : 3390
    },{
      "dateTime" : "2023-12-11T04:48:30.000",
      "level" : "rem",
      "seconds" : 1170
    },{
      "dateTime" : "2023-12-11T05:08:00.000",
      "level" : "light",
      "seconds" : 2760
    },{
      "dateTime" : "2023-12-11T05:54:00.000",
      "level" : "rem",
      "seconds" : 420
    },{
      "dateTime" : "2023-12-11T06:01:00.000",
      "level" : "wake",
      "seconds" : 510
    },{
      "dateTime" : "2023-12-11T06:09:30.000",
      "level" : "light",
      "seconds" : 630
    },{
      "dateTime" : "2023-12-11T06:20:00.000",
      "level" : "wake",
      "seconds" : 780
    }],
    "shortData" : [{
      "dateTime" : "2023-12-11T01:44:30.000",
      "level" : "wake",
      "seconds" : 60
    },{
      "dateTime" : "2023-12-11T01:58:30.000",
      "level" : "wake",
      "seconds" : 30
    },{
      "dateTime" : "2023-12-11T02:37:00.000",
      "level" : "wake",
      "seconds" : 30
    },{
      "dateTime" : "2023-12-11T03:31:00.000",
      "level" : "wake",
      "seconds" : 30
    },{
      "dateTime" : "2023-12-11T03:35:30.000",
      "level" : "wake",
      "seconds" : 30
    },{
      "dateTime" : "2023-12-11T03:41:30.000",
      "level" : "wake",
      "seconds" : 30
    },{
      "dateTime" : "2023-12-11T03:46:30.000",
      "level" : "wake",
      "seconds" : 30
    },{
      "dateTime" : "2023-12-11T04:48:00.000",
      "level" : "wake",
      "seconds" : 30
    },{
      "dateTime" : "2023-12-11T04:55:30.000",
      "level" : "wake",
      "seconds" : 30
    },{
      "dateTime" : "2023-12-11T05:07:00.000",
      "level" : "wake",
      "seconds" : 60
    },{
      "dateTime" : "2023-12-11T05:15:00.000",
      "level" : "wake",
      "seconds" : 30
    },{
      "dateTime" : "2023-12-11T05:34:00.000",
      "level" : "wake",
      "seconds" : 30
    },{
      "dateTime" : "2023-12-11T05:48:30.000",
      "level" : "wake",
      "seconds" : 30
    }]
  },
  "mainSleep" : true
},{
  "logId" : 43768508549,
  "dateOfSleep" : "2023-12-10",
  "startTime" : "2023-12-10T01:45:00.000",
  "endTime" : "2023-12-10T10:10:30.000",
  "duration" : 30300000,
  "minutesToFallAsleep" : 0,
  "minutesAsleep" : 411,
  "minutesAwake" : 94,
  "minutesAfterWakeup" : 0,
  "timeInBed" : 505,
  "efficiency" : 85,
  "type" : "stages",
  "infoCode" : 0,
  "logType" : "auto_detected",
  "levels" : {
    "summary" : {
      "deep" : {
        "count" : 5,
        "minutes" : 47,
        "thirtyDayAvgMinutes" : 91
      },
      "wake" : {
        "count" : 33,
        "minutes" : 94,
        "thirtyDayAvgMinutes" : 64
      },
      "light" : {
        "count" : 36,
        "minutes" : 323,
        "thirtyDayAvgMinutes" : 261
      },
      "rem" : {
        "count" : 4,
        "minutes" : 41,
        "thirtyDayAvgMinutes" : 73
      }
    },
    "data" : [{
      "dateTime" : "2023-12-10T01:45:00.000",
      "level" : "wake",
      "seconds" : 60
    },{
      "dateTime" : "2023-12-10T01:46:00.000",
      "level" : "light",
      "seconds" : 990
    },{
      "dateTime" : "2023-12-10T02:02:30.000",
      "level" : "deep",
      "seconds" : 1140
    },{
      "dateTime" : "2023-12-10T02:21:30.000",
      "level" : "wake",
      "seconds" : 330
    },{
      "dateTime" : "2023-12-10T02:27:00.000",
      "level" : "light",
      "seconds" : 1560
    },{
      "dateTime" : "2023-12-10T02:53:00.000",
      "level" : "rem",
      "seconds" : 360
    },{
      "dateTime" : "2023-12-10T02:59:00.000",
      "level" : "light",
      "seconds" : 240
    },{
      "dateTime" : "2023-12-10T03:03:00.000",
      "level" : "wake",
      "seconds" : 270
    },{
      "dateTime" : "2023-12-10T03:07:30.000",
      "level" : "light",
      "seconds" : 210
    },{
      "dateTime" : "2023-12-10T03:11:00.000",
      "level" : "rem",
      "seconds" : 450
    },{
      "dateTime" : "2023-12-10T03:18:30.000",
      "level" : "light",
      "seconds" : 900
    },{
      "dateTime" : "2023-12-10T03:33:30.000",
      "level" : "deep",
      "seconds" : 510
    },{
      "dateTime" : "2023-12-10T03:42:00.000",
      "level" : "light",
      "seconds" : 60
    },{
      "dateTime" : "2023-12-10T03:43:00.000",
      "level" : "rem",
      "seconds" : 960
    },{
      "dateTime" : "2023-12-10T03:59:00.000",
      "level" : "light",
      "seconds" : 930
    },{
      "dateTime" : "2023-12-10T04:14:30.000",
      "level" : "wake",
      "seconds" : 420
    },{
      "dateTime" : "2023-12-10T04:21:30.000",
      "level" : "light",
      "seconds" : 840
    },{
      "dateTime" : "2023-12-10T04:35:30.000",
      "level" : "wake",
      "seconds" : 630
    },{
      "dateTime" : "2023-12-10T04:46:00.000",
      "level" : "light",
      "seconds" : 3240
    },{
      "dateTime" : "2023-12-10T05:40:00.000",
      "level" : "wake",
      "seconds" : 330
    },{
      "dateTime" : "2023-12-10T05:45:30.000",
      "level" : "light",
      "seconds" : 1350
    },{
      "dateTime" : "2023-12-10T06:08:00.000",
      "level" : "wake",
      "seconds" : 1080
    },{
      "dateTime" : "2023-12-10T06:26:00.000",
      "level" : "light",
      "seconds" : 30
    },{
      "dateTime" : "2023-12-10T06:26:30.000",
      "level" : "deep",
      "seconds" : 270
    },{
      "dateTime" : "2023-12-10T06:31:00.000",
      "level" : "light",
      "seconds" : 2910
    },{
      "dateTime" : "2023-12-10T07:19:30.000",
      "level" : "wake",
      "seconds" : 300
    },{
      "dateTime" : "2023-12-10T07:24:30.000",
      "level" : "light",
      "seconds" : 2460
    },{
      "dateTime" : "2023-12-10T08:05:30.000",
      "level" : "deep",
      "seconds" : 330
    },{
      "dateTime" : "2023-12-10T08:11:00.000",
      "level" : "light",
      "seconds" : 1080
    },{
      "dateTime" : "2023-12-10T08:29:00.000",
      "level" : "deep",
      "seconds" : 690
    },{
      "dateTime" : "2023-12-10T08:40:30.000",
      "level" : "light",
      "seconds" : 390
    },{
      "dateTime" : "2023-12-10T08:47:00.000",
      "level" : "rem",
      "seconds" : 780
    },{
      "dateTime" : "2023-12-10T09:00:00.000",
      "level" : "wake",
      "seconds" : 300
    },{
      "dateTime" : "2023-12-10T09:05:00.000",
      "level" : "light",
      "seconds" : 3210
    },{
      "dateTime" : "2023-12-10T09:58:30.000",
      "level" : "wake",
      "seconds" : 720
    }],
    "shortData" : [{
      "dateTime" : "2023-12-10T01:45:00.000",
      "level" : "wake",
      "seconds" : 60
    },{
      "dateTime" : "2023-12-10T02:58:00.000",
      "level" : "wake",
      "seconds" : 60
    },{
      "dateTime" : "2023-12-10T03:40:30.000",
      "level" : "wake",
      "seconds" : 90
    },{
      "dateTime" : "2023-12-10T04:07:30.000",
      "level" : "wake",
      "seconds" : 60
    },{
      "dateTime" : "2023-12-10T04:32:00.000",
      "level" : "wake",
      "seconds" : 30
    },{
      "dateTime" : "2023-12-10T04:55:00.000",
      "level" : "wake",
      "seconds" : 60
    },{
      "dateTime" : "2023-12-10T04:57:30.000",
      "level" : "wake",
      "seconds" : 60
    },{
      "dateTime" : "2023-12-10T05:06:00.000",
      "level" : "wake",
      "seconds" : 180
    },{
      "dateTime" : "2023-12-10T05:29:30.000",
      "level" : "wake",
      "seconds" : 30
    },{
      "dateTime" : "2023-12-10T05:50:30.000",
      "level" : "wake",
      "seconds" : 30
    },{
      "dateTime" : "2023-12-10T06:45:30.000",
      "level" : "wake",
      "seconds" : 30
    },{
      "dateTime" : "2023-12-10T06:51:30.000",
      "level" : "wake",
      "seconds" : 30
    },{
      "dateTime" : "2023-12-10T06:54:30.000",
      "level" : "wake",
      "seconds" : 30
    },{
      "dateTime" : "2023-12-10T07:03:00.000",
      "level" : "wake",
      "seconds" : 30
    },{
      "dateTime" : "2023-12-10T07:38:00.000",
      "level" : "wake",
      "seconds" : 30
    },{
      "dateTime" : "2023-12-10T07:48:00.000",
      "level" : "wake",
      "seconds" : 30
    },{
      "dateTime" : "2023-12-10T08:10:00.000",
      "level" : "wake",
      "seconds" : 60
    },{
      "dateTime" : "2023-12-10T08:14:30.000",
      "level" : "wake",
      "seconds" : 30
    },{
      "dateTime" : "2023-12-10T09:28:00.000",
      "level" : "wake",
      "seconds" : 60
    },{
      "dateTime" : "2023-12-10T09:36:00.000",
      "level" : "wake",
      "seconds" : 150
    },{
      "dateTime" : "2023-12-10T09:44:30.000",
      "level" : "wake",
      "seconds" : 30
    },{
      "dateTime" : "2023-12-10T09:46:30.000",
      "level" : "wake",
      "seconds" : 30
    },{
      "dateTime" : "2023-12-10T09:49:00.000",
      "level" : "wake",
      "seconds" : 30
    },{
      "dateTime" : "2023-12-10T09:53:00.000",
      "level" : "wake",
      "seconds" : 60
    }]
  },
  "mainSleep" : true
},{
  "logId" : 43758812139,
  "dateOfSleep" : "2023-12-09",
  "startTime" : "2023-12-09T00:32:30.000",
  "endTime" : "2023-12-09T09:46:30.000",
  "duration" : 33240000,
  "minutesToFallAsleep" : 0,
  "minutesAsleep" : 497,
  "minutesAwake" : 57,
  "minutesAfterWakeup" : 0,
  "timeInBed" : 554,
  "efficiency" : 91,
  "type" : "stages",
  "infoCode" : 0,
  "logType" : "auto_detected",
  "levels" : {
    "summary" : {
      "deep" : {
        "count" : 3,
        "minutes" : 101,
        "thirtyDayAvgMinutes" : 90
      },
      "wake" : {
        "count" : 39,
        "minutes" : 57,
        "thirtyDayAvgMinutes" : 65
      },
      "light" : {
        "count" : 34,
        "minutes" : 276,
        "thirtyDayAvgMinutes" : 259
      },
      "rem" : {
        "count" : 11,
        "minutes" : 120,
        "thirtyDayAvgMinutes" : 67
      }
    },
    "data" : [{
      "dateTime" : "2023-12-09T00:32:30.000",
      "level" : "wake",
      "seconds" : 30
    },{
      "dateTime" : "2023-12-09T00:33:00.000",
      "level" : "light",
      "seconds" : 720
    },{
      "dateTime" : "2023-12-09T00:45:00.000",
      "level" : "deep",
      "seconds" : 1980
    },{
      "dateTime" : "2023-12-09T01:18:00.000",
      "level" : "light",
      "seconds" : 690
    },{
      "dateTime" : "2023-12-09T01:29:30.000",
      "level" : "wake",
      "seconds" : 270
    },{
      "dateTime" : "2023-12-09T01:34:00.000",
      "level" : "light",
      "seconds" : 990
    },{
      "dateTime" : "2023-12-09T01:50:30.000",
      "level" : "deep",
      "seconds" : 1950
    },{
      "dateTime" : "2023-12-09T02:23:00.000",
      "level" : "light",
      "seconds" : 1830
    },{
      "dateTime" : "2023-12-09T02:53:30.000",
      "level" : "rem",
      "seconds" : 450
    },{
      "dateTime" : "2023-12-09T03:01:00.000",
      "level" : "light",
      "seconds" : 450
    },{
      "dateTime" : "2023-12-09T03:08:30.000",
      "level" : "rem",
      "seconds" : 300
    },{
      "dateTime" : "2023-12-09T03:13:30.000",
      "level" : "light",
      "seconds" : 660
    },{
      "dateTime" : "2023-12-09T03:24:30.000",
      "level" : "deep",
      "seconds" : 2460
    },{
      "dateTime" : "2023-12-09T04:05:30.000",
      "level" : "light",
      "seconds" : 750
    },{
      "dateTime" : "2023-12-09T04:18:00.000",
      "level" : "rem",
      "seconds" : 420
    },{
      "dateTime" : "2023-12-09T04:25:00.000",
      "level" : "light",
      "seconds" : 2820
    },{
      "dateTime" : "2023-12-09T05:12:00.000",
      "level" : "rem",
      "seconds" : 2400
    },{
      "dateTime" : "2023-12-09T05:52:00.000",
      "level" : "wake",
      "seconds" : 330
    },{
      "dateTime" : "2023-12-09T05:57:30.000",
      "level" : "light",
      "seconds" : 3360
    },{
      "dateTime" : "2023-12-09T06:53:30.000",
      "level" : "rem",
      "seconds" : 330
    },{
      "dateTime" : "2023-12-09T06:59:00.000",
      "level" : "light",
      "seconds" : 2730
    },{
      "dateTime" : "2023-12-09T07:44:30.000",
      "level" : "rem",
      "seconds" : 2340
    },{
      "dateTime" : "2023-12-09T08:23:30.000",
      "level" : "light",
      "seconds" : 2850
    },{
      "dateTime" : "2023-12-09T09:11:00.000",
      "level" : "rem",
      "seconds" : 1380
    },{
      "dateTime" : "2023-12-09T09:34:00.000",
      "level" : "light",
      "seconds" : 120
    },{
      "dateTime" : "2023-12-09T09:36:00.000",
      "level" : "wake",
      "seconds" : 630
    }],
    "shortData" : [{
      "dateTime" : "2023-12-09T01:16:30.000",
      "level" : "wake",
      "seconds" : 90
    },{
      "dateTime" : "2023-12-09T01:37:00.000",
      "level" : "wake",
      "seconds" : 60
    },{
      "dateTime" : "2023-12-09T01:42:30.000",
      "level" : "wake",
      "seconds" : 60
    },{
      "dateTime" : "2023-12-09T01:45:00.000",
      "level" : "wake",
      "seconds" : 150
    },{
      "dateTime" : "2023-12-09T01:50:30.000",
      "level" : "wake",
      "seconds" : 30
    },{
      "dateTime" : "2023-12-09T02:20:30.000",
      "level" : "wake",
      "seconds" : 150
    },{
      "dateTime" : "2023-12-09T02:31:00.000",
      "level" : "wake",
      "seconds" : 30
    },{
      "dateTime" : "2023-12-09T02:35:00.000",
      "level" : "wake",
      "seconds" : 60
    },{
      "dateTime" : "2023-12-09T02:48:30.000",
      "level" : "wake",
      "seconds" : 60
    },{
      "dateTime" : "2023-12-09T03:00:30.000",
      "level" : "wake",
      "seconds" : 30
    },{
      "dateTime" : "2023-12-09T03:05:00.000",
      "level" : "wake",
      "seconds" : 30
    },{
      "dateTime" : "2023-12-09T03:13:30.000",
      "level" : "wake",
      "seconds" : 30
    },{
      "dateTime" : "2023-12-09T03:20:30.000",
      "level" : "wake",
      "seconds" : 30
    },{
      "dateTime" : "2023-12-09T04:04:30.000",
      "level" : "wake",
      "seconds" : 60
    },{
      "dateTime" : "2023-12-09T04:11:00.000",
      "level" : "wake",
      "seconds" : 30
    },{
      "dateTime" : "2023-12-09T04:16:00.000",
      "level" : "wake",
      "seconds" : 30
    },{
      "dateTime" : "2023-12-09T04:24:00.000",
      "level" : "wake",
      "seconds" : 60
    },{
      "dateTime" : "2023-12-09T04:29:30.000",
      "level" : "wake",
      "seconds" : 30
    },{
      "dateTime" : "2023-12-09T04:51:00.000",
      "level" : "wake",
      "seconds" : 30
    },{
      "dateTime" : "2023-12-09T04:55:30.000",
      "level" : "wake",
      "seconds" : 90
    },{
      "dateTime" : "2023-12-09T05:49:00.000",
      "level" : "wake",
      "seconds" : 30
    },{
      "dateTime" : "2023-12-09T06:17:00.000",
      "level" : "wake",
      "seconds" : 60
    },{
      "dateTime" : "2023-12-09T06:43:30.000",
      "level" : "wake",
      "seconds" : 30
    },{
      "dateTime" : "2023-12-09T06:45:30.000",
      "level" : "wake",
      "seconds" : 30
    },{
      "dateTime" : "2023-12-09T06:53:00.000",
      "level" : "wake",
      "seconds" : 30
    },{
      "dateTime" : "2023-12-09T07:02:00.000",
      "level" : "wake",
      "seconds" : 60
    },{
      "dateTime" : "2023-12-09T07:28:30.000",
      "level" : "wake",
      "seconds" : 30
    },{
      "dateTime" : "2023-12-09T07:31:30.000",
      "level" : "wake",
      "seconds" : 90
    },{
      "dateTime" : "2023-12-09T08:06:00.000",
      "level" : "wake",
      "seconds" : 150
    },{
      "dateTime" : "2023-12-09T08:13:00.000",
      "level" : "wake",
      "seconds" : 60
    },{
      "dateTime" : "2023-12-09T08:19:00.000",
      "level" : "wake",
      "seconds" : 30
    },{
      "dateTime" : "2023-12-09T08:22:30.000",
      "level" : "wake",
      "seconds" : 60
    },{
      "dateTime" : "2023-12-09T08:25:00.000",
      "level" : "wake",
      "seconds" : 90
    },{
      "dateTime" : "2023-12-09T08:47:30.000",
      "level" : "wake",
      "seconds" : 60
    },{
      "dateTime" : "2023-12-09T09:09:00.000",
      "level" : "wake",
      "seconds" : 30
    }]
  },
  "mainSleep" : true
},{
  "logId" : 43749116394,
  "dateOfSleep" : "2023-12-08",
  "startTime" : "2023-12-07T23:20:00.000",
  "endTime" : "2023-12-08T09:40:00.000",
  "duration" : 37200000,
  "minutesToFallAsleep" : 0,
  "minutesAsleep" : 516,
  "minutesAwake" : 104,
  "minutesAfterWakeup" : 1,
  "timeInBed" : 620,
  "efficiency" : 86,
  "type" : "stages",
  "infoCode" : 0,
  "logType" : "auto_detected",
  "levels" : {
    "summary" : {
      "deep" : {
        "count" : 4,
        "minutes" : 88,
        "thirtyDayAvgMinutes" : 90
      },
      "wake" : {
        "count" : 41,
        "minutes" : 104,
        "thirtyDayAvgMinutes" : 60
      },
      "light" : {
        "count" : 43,
        "minutes" : 364,
        "thirtyDayAvgMinutes" : 244
      },
      "rem" : {
        "count" : 5,
        "minutes" : 64,
        "thirtyDayAvgMinutes" : 68
      }
    },
    "data" : [{
      "dateTime" : "2023-12-07T23:20:00.000",
      "level" : "light",
      "seconds" : 240
    },{
      "dateTime" : "2023-12-07T23:24:00.000",
      "level" : "wake",
      "seconds" : 660
    },{
      "dateTime" : "2023-12-07T23:35:00.000",
      "level" : "light",
      "seconds" : 510
    },{
      "dateTime" : "2023-12-07T23:43:30.000",
      "level" : "wake",
      "seconds" : 930
    },{
      "dateTime" : "2023-12-07T23:59:00.000",
      "level" : "light",
      "seconds" : 660
    },{
      "dateTime" : "2023-12-08T00:10:00.000",
      "level" : "deep",
      "seconds" : 2670
    },{
      "dateTime" : "2023-12-08T00:54:30.000",
      "level" : "wake",
      "seconds" : 210
    },{
      "dateTime" : "2023-12-08T00:58:00.000",
      "level" : "light",
      "seconds" : 3360
    },{
      "dateTime" : "2023-12-08T01:54:00.000",
      "level" : "deep",
      "seconds" : 450
    },{
      "dateTime" : "2023-12-08T02:01:30.000",
      "level" : "light",
      "seconds" : 630
    },{
      "dateTime" : "2023-12-08T02:12:00.000",
      "level" : "deep",
      "seconds" : 1650
    },{
      "dateTime" : "2023-12-08T02:39:30.000",
      "level" : "light",
      "seconds" : 360
    },{
      "dateTime" : "2023-12-08T02:45:30.000",
      "level" : "wake",
      "seconds" : 360
    },{
      "dateTime" : "2023-12-08T02:51:30.000",
      "level" : "light",
      "seconds" : 3270
    },{
      "dateTime" : "2023-12-08T03:46:00.000",
      "level" : "rem",
      "seconds" : 1020
    },{
      "dateTime" : "2023-12-08T04:03:00.000",
      "level" : "wake",
      "seconds" : 420
    },{
      "dateTime" : "2023-12-08T04:10:00.000",
      "level" : "light",
      "seconds" : 1320
    },{
      "dateTime" : "2023-12-08T04:32:00.000",
      "level" : "wake",
      "seconds" : 1020
    },{
      "dateTime" : "2023-12-08T04:49:00.000",
      "level" : "light",
      "seconds" : 990
    },{
      "dateTime" : "2023-12-08T05:05:30.000",
      "level" : "wake",
      "seconds" : 330
    },{
      "dateTime" : "2023-12-08T05:11:00.000",
      "level" : "light",
      "seconds" : 4410
    },{
      "dateTime" : "2023-12-08T06:24:30.000",
      "level" : "rem",
      "seconds" : 1110
    },{
      "dateTime" : "2023-12-08T06:43:00.000",
      "level" : "light",
      "seconds" : 1500
    },{
      "dateTime" : "2023-12-08T07:08:00.000",
      "level" : "deep",
      "seconds" : 630
    },{
      "dateTime" : "2023-12-08T07:18:30.000",
      "level" : "light",
      "seconds" : 1260
    },{
      "dateTime" : "2023-12-08T07:39:30.000",
      "level" : "rem",
      "seconds" : 660
    },{
      "dateTime" : "2023-12-08T07:50:30.000",
      "level" : "light",
      "seconds" : 1500
    },{
      "dateTime" : "2023-12-08T08:15:30.000",
      "level" : "rem",
      "seconds" : 480
    },{
      "dateTime" : "2023-12-08T08:23:30.000",
      "level" : "light",
      "seconds" : 3810
    },{
      "dateTime" : "2023-12-08T09:27:00.000",
      "level" : "rem",
      "seconds" : 570
    },{
      "dateTime" : "2023-12-08T09:36:30.000",
      "level" : "wake",
      "seconds" : 210
    }],
    "shortData" : [{
      "dateTime" : "2023-12-07T23:38:00.000",
      "level" : "wake",
      "seconds" : 120
    },{
      "dateTime" : "2023-12-08T01:02:00.000",
      "level" : "wake",
      "seconds" : 30
    },{
      "dateTime" : "2023-12-08T01:08:00.000",
      "level" : "wake",
      "seconds" : 60
    },{
      "dateTime" : "2023-12-08T01:14:00.000",
      "level" : "wake",
      "seconds" : 120
    },{
      "dateTime" : "2023-12-08T01:26:00.000",
      "level" : "wake",
      "seconds" : 150
    },{
      "dateTime" : "2023-12-08T01:30:00.000",
      "level" : "wake",
      "seconds" : 60
    },{
      "dateTime" : "2023-12-08T01:38:30.000",
      "level" : "wake",
      "seconds" : 90
    },{
      "dateTime" : "2023-12-08T01:42:00.000",
      "level" : "wake",
      "seconds" : 150
    },{
      "dateTime" : "2023-12-08T02:02:30.000",
      "level" : "wake",
      "seconds" : 150
    },{
      "dateTime" : "2023-12-08T02:37:30.000",
      "level" : "wake",
      "seconds" : 120
    },{
      "dateTime" : "2023-12-08T02:53:30.000",
      "level" : "wake",
      "seconds" : 30
    },{
      "dateTime" : "2023-12-08T02:55:30.000",
      "level" : "wake",
      "seconds" : 30
    },{
      "dateTime" : "2023-12-08T02:57:30.000",
      "level" : "wake",
      "seconds" : 60
    },{
      "dateTime" : "2023-12-08T03:04:00.000",
      "level" : "wake",
      "seconds" : 30
    },{
      "dateTime" : "2023-12-08T03:23:30.000",
      "level" : "wake",
      "seconds" : 30
    },{
      "dateTime" : "2023-12-08T03:26:30.000",
      "level" : "wake",
      "seconds" : 150
    },{
      "dateTime" : "2023-12-08T03:32:30.000",
      "level" : "wake",
      "seconds" : 30
    },{
      "dateTime" : "2023-12-08T03:37:30.000",
      "level" : "wake",
      "seconds" : 30
    },{
      "dateTime" : "2023-12-08T03:40:00.000",
      "level" : "wake",
      "seconds" : 30
    },{
      "dateTime" : "2023-12-08T04:20:00.000",
      "level" : "wake",
      "seconds" : 30
    },{
      "dateTime" : "2023-12-08T04:29:00.000",
      "level" : "wake",
      "seconds" : 30
    },{
      "dateTime" : "2023-12-08T04:58:30.000",
      "level" : "wake",
      "seconds" : 30
    },{
      "dateTime" : "2023-12-08T05:24:00.000",
      "level" : "wake",
      "seconds" : 60
    },{
      "dateTime" : "2023-12-08T05:28:00.000",
      "level" : "wake",
      "seconds" : 60
    },{
      "dateTime" : "2023-12-08T05:59:30.000",
      "level" : "wake",
      "seconds" : 150
    },{
      "dateTime" : "2023-12-08T06:43:00.000",
      "level" : "wake",
      "seconds" : 30
    },{
      "dateTime" : "2023-12-08T07:18:30.000",
      "level" : "wake",
      "seconds" : 60
    },{
      "dateTime" : "2023-12-08T07:33:30.000",
      "level" : "wake",
      "seconds" : 30
    },{
      "dateTime" : "2023-12-08T07:50:00.000",
      "level" : "wake",
      "seconds" : 30
    },{
      "dateTime" : "2023-12-08T07:59:30.000",
      "level" : "wake",
      "seconds" : 30
    },{
      "dateTime" : "2023-12-08T08:28:00.000",
      "level" : "wake",
      "seconds" : 30
    },{
      "dateTime" : "2023-12-08T09:18:00.000",
      "level" : "wake",
      "seconds" : 30
    },{
      "dateTime" : "2023-12-08T09:21:30.000",
      "level" : "wake",
      "seconds" : 30
    }]
  },
  "mainSleep" : true
},{
  "logId" : 43710473045,
  "dateOfSleep" : "2023-12-05",
  "startTime" : "2023-12-04T23:47:00.000",
  "endTime" : "2023-12-05T09:04:00.000",
  "duration" : 33420000,
  "minutesToFallAsleep" : 0,
  "minutesAsleep" : 481,
  "minutesAwake" : 76,
  "minutesAfterWakeup" : 9,
  "timeInBed" : 557,
  "efficiency" : 90,
  "type" : "stages",
  "infoCode" : 0,
  "logType" : "auto_detected",
  "levels" : {
    "summary" : {
      "deep" : {
        "count" : 3,
        "minutes" : 89,
        "thirtyDayAvgMinutes" : 90
      },
      "wake" : {
        "count" : 43,
        "minutes" : 76,
        "thirtyDayAvgMinutes" : 57
      },
      "light" : {
        "count" : 37,
        "minutes" : 318,
        "thirtyDayAvgMinutes" : 231
      },
      "rem" : {
        "count" : 10,
        "minutes" : 74,
        "thirtyDayAvgMinutes" : 67
      }
    },
    "data" : [{
      "dateTime" : "2023-12-04T23:47:00.000",
      "level" : "wake",
      "seconds" : 600
    },{
      "dateTime" : "2023-12-04T23:57:00.000",
      "level" : "light",
      "seconds" : 780
    },{
      "dateTime" : "2023-12-05T00:10:00.000",
      "level" : "wake",
      "seconds" : 450
    },{
      "dateTime" : "2023-12-05T00:17:30.000",
      "level" : "light",
      "seconds" : 1020
    },{
      "dateTime" : "2023-12-05T00:34:30.000",
      "level" : "deep",
      "seconds" : 540
    },{
      "dateTime" : "2023-12-05T00:43:30.000",
      "level" : "light",
      "seconds" : 1890
    },{
      "dateTime" : "2023-12-05T01:15:00.000",
      "level" : "deep",
      "seconds" : 1890
    },{
      "dateTime" : "2023-12-05T01:46:30.000",
      "level" : "light",
      "seconds" : 2430
    },{
      "dateTime" : "2023-12-05T02:27:00.000",
      "level" : "rem",
      "seconds" : 1050
    },{
      "dateTime" : "2023-12-05T02:44:30.000",
      "level" : "light",
      "seconds" : 1530
    },{
      "dateTime" : "2023-12-05T03:10:00.000",
      "level" : "deep",
      "seconds" : 2940
    },{
      "dateTime" : "2023-12-05T03:59:00.000",
      "level" : "light",
      "seconds" : 240
    },{
      "dateTime" : "2023-12-05T04:03:00.000",
      "level" : "rem",
      "seconds" : 390
    },{
      "dateTime" : "2023-12-05T04:09:30.000",
      "level" : "light",
      "seconds" : 3930
    },{
      "dateTime" : "2023-12-05T05:15:00.000",
      "level" : "rem",
      "seconds" : 2220
    },{
      "dateTime" : "2023-12-05T05:52:00.000",
      "level" : "light",
      "seconds" : 5460
    },{
      "dateTime" : "2023-12-05T07:23:00.000",
      "level" : "rem",
      "seconds" : 1200
    },{
      "dateTime" : "2023-12-05T07:43:00.000",
      "level" : "light",
      "seconds" : 1710
    },{
      "dateTime" : "2023-12-05T08:11:30.000",
      "level" : "wake",
      "seconds" : 660
    },{
      "dateTime" : "2023-12-05T08:22:30.000",
      "level" : "light",
      "seconds" : 1710
    },{
      "dateTime" : "2023-12-05T08:51:00.000",
      "level" : "wake",
      "seconds" : 780
    }],
    "shortData" : [{
      "dateTime" : "2023-12-05T00:05:00.000",
      "level" : "wake",
      "seconds" : 90
    },{
      "dateTime" : "2023-12-05T00:29:30.000",
      "level" : "wake",
      "seconds" : 30
    },{
      "dateTime" : "2023-12-05T00:44:00.000",
      "level" : "wake",
      "seconds" : 90
    },{
      "dateTime" : "2023-12-05T00:47:30.000",
      "level" : "wake",
      "seconds" : 30
    },{
      "dateTime" : "2023-12-05T01:05:00.000",
      "level" : "wake",
      "seconds" : 60
    },{
      "dateTime" : "2023-12-05T01:08:00.000",
      "level" : "wake",
      "seconds" : 30
    },{
      "dateTime" : "2023-12-05T01:12:00.000",
      "level" : "wake",
      "seconds" : 30
    },{
      "dateTime" : "2023-12-05T01:46:30.000",
      "level" : "wake",
      "seconds" : 30
    },{
      "dateTime" : "2023-12-05T02:40:00.000",
      "level" : "wake",
      "seconds" : 30
    },{
      "dateTime" : "2023-12-05T02:44:00.000",
      "level" : "wake",
      "seconds" : 30
    },{
      "dateTime" : "2023-12-05T02:52:30.000",
      "level" : "wake",
      "seconds" : 60
    },{
      "dateTime" : "2023-12-05T02:55:30.000",
      "level" : "wake",
      "seconds" : 30
    },{
      "dateTime" : "2023-12-05T03:05:30.000",
      "level" : "wake",
      "seconds" : 60
    },{
      "dateTime" : "2023-12-05T03:58:30.000",
      "level" : "wake",
      "seconds" : 30
    },{
      "dateTime" : "2023-12-05T04:00:30.000",
      "level" : "wake",
      "seconds" : 30
    },{
      "dateTime" : "2023-12-05T04:08:30.000",
      "level" : "wake",
      "seconds" : 60
    },{
      "dateTime" : "2023-12-05T04:11:00.000",
      "level" : "wake",
      "seconds" : 60
    },{
      "dateTime" : "2023-12-05T04:20:30.000",
      "level" : "wake",
      "seconds" : 60
    },{
      "dateTime" : "2023-12-05T04:24:00.000",
      "level" : "wake",
      "seconds" : 60
    },{
      "dateTime" : "2023-12-05T04:30:00.000",
      "level" : "wake",
      "seconds" : 30
    },{
      "dateTime" : "2023-12-05T05:04:00.000",
      "level" : "wake",
      "seconds" : 30
    },{
      "dateTime" : "2023-12-05T05:12:00.000",
      "level" : "wake",
      "seconds" : 30
    },{
      "dateTime" : "2023-12-05T05:28:30.000",
      "level" : "wake",
      "seconds" : 30
    },{
      "dateTime" : "2023-12-05T05:35:30.000",
      "level" : "wake",
      "seconds" : 60
    },{
      "dateTime" : "2023-12-05T05:39:00.000",
      "level" : "wake",
      "seconds" : 30
    },{
      "dateTime" : "2023-12-05T05:47:00.000",
      "level" : "wake",
      "seconds" : 60
    },{
      "dateTime" : "2023-12-05T05:51:00.000",
      "level" : "wake",
      "seconds" : 60
    },{
      "dateTime" : "2023-12-05T05:58:00.000",
      "level" : "wake",
      "seconds" : 120
    },{
      "dateTime" : "2023-12-05T06:31:00.000",
      "level" : "wake",
      "seconds" : 90
    },{
      "dateTime" : "2023-12-05T06:35:00.000",
      "level" : "wake",
      "seconds" : 120
    },{
      "dateTime" : "2023-12-05T06:39:00.000",
      "level" : "wake",
      "seconds" : 30
    },{
      "dateTime" : "2023-12-05T06:51:00.000",
      "level" : "wake",
      "seconds" : 120
    },{
      "dateTime" : "2023-12-05T07:17:00.000",
      "level" : "wake",
      "seconds" : 30
    },{
      "dateTime" : "2023-12-05T07:34:30.000",
      "level" : "wake",
      "seconds" : 30
    },{
      "dateTime" : "2023-12-05T07:42:00.000",
      "level" : "wake",
      "seconds" : 60
    },{
      "dateTime" : "2023-12-05T07:51:00.000",
      "level" : "wake",
      "seconds" : 60
    },{
      "dateTime" : "2023-12-05T08:07:00.000",
      "level" : "wake",
      "seconds" : 60
    },{
      "dateTime" : "2023-12-05T08:31:00.000",
      "level" : "wake",
      "seconds" : 60
    },{
      "dateTime" : "2023-12-05T08:35:30.000",
      "level" : "wake",
      "seconds" : 90
    }]
  },
  "mainSleep" : true
},{
  "logId" : 43698082334,
  "dateOfSleep" : "2023-12-04",
  "startTime" : "2023-12-04T00:29:00.000",
  "endTime" : "2023-12-04T07:08:00.000",
  "duration" : 23940000,
  "minutesToFallAsleep" : 0,
  "minutesAsleep" : 341,
  "minutesAwake" : 58,
  "minutesAfterWakeup" : 0,
  "timeInBed" : 399,
  "efficiency" : 90,
  "type" : "stages",
  "infoCode" : 0,
  "logType" : "auto_detected",
  "levels" : {
    "summary" : {
      "deep" : {
        "count" : 3,
        "minutes" : 79,
        "thirtyDayAvgMinutes" : 92
      },
      "wake" : {
        "count" : 24,
        "minutes" : 58,
        "thirtyDayAvgMinutes" : 57
      },
      "light" : {
        "count" : 22,
        "minutes" : 214,
        "thirtyDayAvgMinutes" : 235
      },
      "rem" : {
        "count" : 5,
        "minutes" : 48,
        "thirtyDayAvgMinutes" : 71
      }
    },
    "data" : [{
      "dateTime" : "2023-12-04T00:29:00.000",
      "level" : "wake",
      "seconds" : 450
    },{
      "dateTime" : "2023-12-04T00:36:30.000",
      "level" : "light",
      "seconds" : 1260
    },{
      "dateTime" : "2023-12-04T00:57:30.000",
      "level" : "deep",
      "seconds" : 1620
    },{
      "dateTime" : "2023-12-04T01:24:30.000",
      "level" : "light",
      "seconds" : 30
    },{
      "dateTime" : "2023-12-04T01:25:00.000",
      "level" : "wake",
      "seconds" : 210
    },{
      "dateTime" : "2023-12-04T01:28:30.000",
      "level" : "light",
      "seconds" : 2490
    },{
      "dateTime" : "2023-12-04T02:10:00.000",
      "level" : "deep",
      "seconds" : 2820
    },{
      "dateTime" : "2023-12-04T02:57:00.000",
      "level" : "light",
      "seconds" : 270
    },{
      "dateTime" : "2023-12-04T03:01:30.000",
      "level" : "rem",
      "seconds" : 2640
    },{
      "dateTime" : "2023-12-04T03:45:30.000",
      "level" : "light",
      "seconds" : 3840
    },{
      "dateTime" : "2023-12-04T04:49:30.000",
      "level" : "wake",
      "seconds" : 270
    },{
      "dateTime" : "2023-12-04T04:54:00.000",
      "level" : "light",
      "seconds" : 300
    },{
      "dateTime" : "2023-12-04T04:59:00.000",
      "level" : "wake",
      "seconds" : 300
    },{
      "dateTime" : "2023-12-04T05:04:00.000",
      "level" : "light",
      "seconds" : 90
    },{
      "dateTime" : "2023-12-04T05:05:30.000",
      "level" : "rem",
      "seconds" : 390
    },{
      "dateTime" : "2023-12-04T05:12:00.000",
      "level" : "light",
      "seconds" : 750
    },{
      "dateTime" : "2023-12-04T05:24:30.000",
      "level" : "wake",
      "seconds" : 690
    },{
      "dateTime" : "2023-12-04T05:36:00.000",
      "level" : "light",
      "seconds" : 2190
    },{
      "dateTime" : "2023-12-04T06:12:30.000",
      "level" : "deep",
      "seconds" : 330
    },{
      "dateTime" : "2023-12-04T06:18:00.000",
      "level" : "light",
      "seconds" : 780
    },{
      "dateTime" : "2023-12-04T06:31:00.000",
      "level" : "wake",
      "seconds" : 390
    },{
      "dateTime" : "2023-12-04T06:37:30.000",
      "level" : "light",
      "seconds" : 630
    },{
      "dateTime" : "2023-12-04T06:48:00.000",
      "level" : "wake",
      "seconds" : 330
    },{
      "dateTime" : "2023-12-04T06:53:30.000",
      "level" : "light",
      "seconds" : 870
    }],
    "shortData" : [{
      "dateTime" : "2023-12-04T01:46:00.000",
      "level" : "wake",
      "seconds" : 30
    },{
      "dateTime" : "2023-12-04T01:50:30.000",
      "level" : "wake",
      "seconds" : 30
    },{
      "dateTime" : "2023-12-04T02:56:00.000",
      "level" : "wake",
      "seconds" : 60
    },{
      "dateTime" : "2023-12-04T03:07:00.000",
      "level" : "wake",
      "seconds" : 30
    },{
      "dateTime" : "2023-12-04T03:09:00.000",
      "level" : "wake",
      "seconds" : 30
    },{
      "dateTime" : "2023-12-04T03:13:00.000",
      "level" : "wake",
      "seconds" : 60
    },{
      "dateTime" : "2023-12-04T03:45:00.000",
      "level" : "wake",
      "seconds" : 30
    },{
      "dateTime" : "2023-12-04T03:48:00.000",
      "level" : "wake",
      "seconds" : 30
    },{
      "dateTime" : "2023-12-04T03:53:30.000",
      "level" : "wake",
      "seconds" : 30
    },{
      "dateTime" : "2023-12-04T04:12:00.000",
      "level" : "wake",
      "seconds" : 60
    },{
      "dateTime" : "2023-12-04T04:36:00.000",
      "level" : "wake",
      "seconds" : 60
    },{
      "dateTime" : "2023-12-04T04:56:00.000",
      "level" : "wake",
      "seconds" : 60
    },{
      "dateTime" : "2023-12-04T05:12:00.000",
      "level" : "wake",
      "seconds" : 60
    },{
      "dateTime" : "2023-12-04T05:20:00.000",
      "level" : "wake",
      "seconds" : 150
    },{
      "dateTime" : "2023-12-04T05:40:00.000",
      "level" : "wake",
      "seconds" : 30
    },{
      "dateTime" : "2023-12-04T06:18:00.000",
      "level" : "wake",
      "seconds" : 60
    },{
      "dateTime" : "2023-12-04T06:45:00.000",
      "level" : "wake",
      "seconds" : 30
    }]
  },
  "mainSleep" : true
},{
  "logId" : 43689050033,
  "dateOfSleep" : "2023-12-03",
  "startTime" : "2023-12-02T23:32:00.000",
  "endTime" : "2023-12-03T09:24:30.000",
  "duration" : 35520000,
  "minutesToFallAsleep" : 0,
  "minutesAsleep" : 506,
  "minutesAwake" : 86,
  "minutesAfterWakeup" : 5,
  "timeInBed" : 592,
  "efficiency" : 90,
  "type" : "stages",
  "infoCode" : 0,
  "logType" : "auto_detected",
  "levels" : {
    "summary" : {
      "deep" : {
        "count" : 6,
        "minutes" : 118,
        "thirtyDayAvgMinutes" : 86
      },
      "wake" : {
        "count" : 41,
        "minutes" : 86,
        "thirtyDayAvgMinutes" : 50
      },
      "light" : {
        "count" : 39,
        "minutes" : 288,
        "thirtyDayAvgMinutes" : 221
      },
      "rem" : {
        "count" : 12,
        "minutes" : 100,
        "thirtyDayAvgMinutes" : 63
      }
    },
    "data" : [{
      "dateTime" : "2023-12-02T23:32:00.000",
      "level" : "wake",
      "seconds" : 60
    },{
      "dateTime" : "2023-12-02T23:33:00.000",
      "level" : "light",
      "seconds" : 240
    },{
      "dateTime" : "2023-12-02T23:37:00.000",
      "level" : "wake",
      "seconds" : 600
    },{
      "dateTime" : "2023-12-02T23:47:00.000",
      "level" : "light",
      "seconds" : 750
    },{
      "dateTime" : "2023-12-02T23:59:30.000",
      "level" : "deep",
      "seconds" : 720
    },{
      "dateTime" : "2023-12-03T00:11:30.000",
      "level" : "wake",
      "seconds" : 330
    },{
      "dateTime" : "2023-12-03T00:17:00.000",
      "level" : "light",
      "seconds" : 840
    },{
      "dateTime" : "2023-12-03T00:31:00.000",
      "level" : "deep",
      "seconds" : 2580
    },{
      "dateTime" : "2023-12-03T01:14:00.000",
      "level" : "light",
      "seconds" : 720
    },{
      "dateTime" : "2023-12-03T01:26:00.000",
      "level" : "wake",
      "seconds" : 300
    },{
      "dateTime" : "2023-12-03T01:31:00.000",
      "level" : "light",
      "seconds" : 3660
    },{
      "dateTime" : "2023-12-03T02:32:00.000",
      "level" : "rem",
      "seconds" : 1170
    },{
      "dateTime" : "2023-12-03T02:51:30.000",
      "level" : "wake",
      "seconds" : 300
    },{
      "dateTime" : "2023-12-03T02:56:30.000",
      "level" : "light",
      "seconds" : 1410
    },{
      "dateTime" : "2023-12-03T03:20:00.000",
      "level" : "deep",
      "seconds" : 2160
    },{
      "dateTime" : "2023-12-03T03:56:00.000",
      "level" : "wake",
      "seconds" : 330
    },{
      "dateTime" : "2023-12-03T04:01:30.000",
      "level" : "light",
      "seconds" : 120
    },{
      "dateTime" : "2023-12-03T04:03:30.000",
      "level" : "rem",
      "seconds" : 480
    },{
      "dateTime" : "2023-12-03T04:11:30.000",
      "level" : "light",
      "seconds" : 2490
    },{
      "dateTime" : "2023-12-03T04:53:00.000",
      "level" : "rem",
      "seconds" : 930
    },{
      "dateTime" : "2023-12-03T05:08:30.000",
      "level" : "light",
      "seconds" : 750
    },{
      "dateTime" : "2023-12-03T05:21:00.000",
      "level" : "rem",
      "seconds" : 480
    },{
      "dateTime" : "2023-12-03T05:29:00.000",
      "level" : "light",
      "seconds" : 2970
    },{
      "dateTime" : "2023-12-03T06:18:30.000",
      "level" : "rem",
      "seconds" : 390
    },{
      "dateTime" : "2023-12-03T06:25:00.000",
      "level" : "wake",
      "seconds" : 420
    },{
      "dateTime" : "2023-12-03T06:32:00.000",
      "level" : "light",
      "seconds" : 1530
    },{
      "dateTime" : "2023-12-03T06:57:30.000",
      "level" : "deep",
      "seconds" : 1020
    },{
      "dateTime" : "2023-12-03T07:14:30.000",
      "level" : "wake",
      "seconds" : 270
    },{
      "dateTime" : "2023-12-03T07:19:00.000",
      "level" : "light",
      "seconds" : 150
    },{
      "dateTime" : "2023-12-03T07:21:30.000",
      "level" : "rem",
      "seconds" : 2130
    },{
      "dateTime" : "2023-12-03T07:57:00.000",
      "level" : "light",
      "seconds" : 1500
    },{
      "dateTime" : "2023-12-03T08:22:00.000",
      "level" : "deep",
      "seconds" : 510
    },{
      "dateTime" : "2023-12-03T08:30:30.000",
      "level" : "wake",
      "seconds" : 570
    },{
      "dateTime" : "2023-12-03T08:40:00.000",
      "level" : "light",
      "seconds" : 780
    },{
      "dateTime" : "2023-12-03T08:53:00.000",
      "level" : "rem",
      "seconds" : 510
    },{
      "dateTime" : "2023-12-03T09:01:30.000",
      "level" : "light",
      "seconds" : 420
    },{
      "dateTime" : "2023-12-03T09:08:30.000",
      "level" : "rem",
      "seconds" : 270
    },{
      "dateTime" : "2023-12-03T09:13:00.000",
      "level" : "light",
      "seconds" : 330
    },{
      "dateTime" : "2023-12-03T09:18:30.000",
      "level" : "wake",
      "seconds" : 300
    },{
      "dateTime" : "2023-12-03T09:23:30.000",
      "level" : "deep",
      "seconds" : 60
    }],
    "shortData" : [{
      "dateTime" : "2023-12-02T23:32:00.000",
      "level" : "wake",
      "seconds" : 60
    },{
      "dateTime" : "2023-12-03T00:19:00.000",
      "level" : "wake",
      "seconds" : 120
    },{
      "dateTime" : "2023-12-03T00:25:00.000",
      "level" : "wake",
      "seconds" : 30
    },{
      "dateTime" : "2023-12-03T01:20:00.000",
      "level" : "wake",
      "seconds" : 30
    },{
      "dateTime" : "2023-12-03T01:22:30.000",
      "level" : "wake",
      "seconds" : 30
    },{
      "dateTime" : "2023-12-03T01:35:30.000",
      "level" : "wake",
      "seconds" : 30
    },{
      "dateTime" : "2023-12-03T02:22:30.000",
      "level" : "wake",
      "seconds" : 30
    },{
      "dateTime" : "2023-12-03T02:31:00.000",
      "level" : "wake",
      "seconds" : 60
    },{
      "dateTime" : "2023-12-03T02:34:30.000",
      "level" : "wake",
      "seconds" : 30
    },{
      "dateTime" : "2023-12-03T02:59:30.000",
      "level" : "wake",
      "seconds" : 30
    },{
      "dateTime" : "2023-12-03T03:05:00.000",
      "level" : "wake",
      "seconds" : 60
    },{
      "dateTime" : "2023-12-03T03:08:00.000",
      "level" : "wake",
      "seconds" : 30
    },{
      "dateTime" : "2023-12-03T03:13:30.000",
      "level" : "wake",
      "seconds" : 30
    },{
      "dateTime" : "2023-12-03T04:13:00.000",
      "level" : "wake",
      "seconds" : 60
    },{
      "dateTime" : "2023-12-03T04:15:30.000",
      "level" : "wake",
      "seconds" : 150
    },{
      "dateTime" : "2023-12-03T04:19:30.000",
      "level" : "wake",
      "seconds" : 90
    },{
      "dateTime" : "2023-12-03T04:47:30.000",
      "level" : "wake",
      "seconds" : 120
    },{
      "dateTime" : "2023-12-03T05:07:00.000",
      "level" : "wake",
      "seconds" : 90
    },{
      "dateTime" : "2023-12-03T05:11:30.000",
      "level" : "wake",
      "seconds" : 30
    },{
      "dateTime" : "2023-12-03T05:15:30.000",
      "level" : "wake",
      "seconds" : 30
    },{
      "dateTime" : "2023-12-03T05:28:30.000",
      "level" : "wake",
      "seconds" : 30
    },{
      "dateTime" : "2023-12-03T05:33:00.000",
      "level" : "wake",
      "seconds" : 60
    },{
      "dateTime" : "2023-12-03T06:05:30.000",
      "level" : "wake",
      "seconds" : 90
    },{
      "dateTime" : "2023-12-03T06:16:00.000",
      "level" : "wake",
      "seconds" : 30
    },{
      "dateTime" : "2023-12-03T06:37:30.000",
      "level" : "wake",
      "seconds" : 30
    },{
      "dateTime" : "2023-12-03T07:28:00.000",
      "level" : "wake",
      "seconds" : 30
    },{
      "dateTime" : "2023-12-03T07:42:30.000",
      "level" : "wake",
      "seconds" : 30
    },{
      "dateTime" : "2023-12-03T07:52:30.000",
      "level" : "wake",
      "seconds" : 60
    },{
      "dateTime" : "2023-12-03T07:57:30.000",
      "level" : "wake",
      "seconds" : 30
    },{
      "dateTime" : "2023-12-03T07:59:30.000",
      "level" : "wake",
      "seconds" : 30
    },{
      "dateTime" : "2023-12-03T08:43:00.000",
      "level" : "wake",
      "seconds" : 120
    },{
      "dateTime" : "2023-12-03T09:00:30.000",
      "level" : "wake",
      "seconds" : 60
    }]
  },
  "mainSleep" : true
},{
  "logId" : 43679570174,
  "dateOfSleep" : "2023-12-02",
  "startTime" : "2023-12-02T04:01:30.000",
  "endTime" : "2023-12-02T11:39:30.000",
  "duration" : 27480000,
  "minutesToFallAsleep" : 0,
  "minutesAsleep" : 402,
  "minutesAwake" : 56,
  "minutesAfterWakeup" : 0,
  "timeInBed" : 458,
  "efficiency" : 91,
  "type" : "stages",
  "infoCode" : 0,
  "logType" : "auto_detected",
  "levels" : {
    "summary" : {
      "deep" : {
        "count" : 6,
        "minutes" : 113,
        "thirtyDayAvgMinutes" : 77
      },
      "wake" : {
        "count" : 21,
        "minutes" : 56,
        "thirtyDayAvgMinutes" : 47
      },
      "light" : {
        "count" : 22,
        "minutes" : 237,
        "thirtyDayAvgMinutes" : 216
      },
      "rem" : {
        "count" : 7,
        "minutes" : 52,
        "thirtyDayAvgMinutes" : 67
      }
    },
    "data" : [{
      "dateTime" : "2023-12-02T04:01:30.000",
      "level" : "light",
      "seconds" : 1020
    },{
      "dateTime" : "2023-12-02T04:18:30.000",
      "level" : "deep",
      "seconds" : 1500
    },{
      "dateTime" : "2023-12-02T04:43:30.000",
      "level" : "rem",
      "seconds" : 270
    },{
      "dateTime" : "2023-12-02T04:48:00.000",
      "level" : "light",
      "seconds" : 1110
    },{
      "dateTime" : "2023-12-02T05:06:30.000",
      "level" : "deep",
      "seconds" : 1050
    },{
      "dateTime" : "2023-12-02T05:24:00.000",
      "level" : "light",
      "seconds" : 930
    },{
      "dateTime" : "2023-12-02T05:39:30.000",
      "level" : "rem",
      "seconds" : 840
    },{
      "dateTime" : "2023-12-02T05:53:30.000",
      "level" : "light",
      "seconds" : 1680
    },{
      "dateTime" : "2023-12-02T06:21:30.000",
      "level" : "deep",
      "seconds" : 300
    },{
      "dateTime" : "2023-12-02T06:26:30.000",
      "level" : "wake",
      "seconds" : 450
    },{
      "dateTime" : "2023-12-02T06:34:00.000",
      "level" : "light",
      "seconds" : 1950
    },{
      "dateTime" : "2023-12-02T07:06:30.000",
      "level" : "deep",
      "seconds" : 1410
    },{
      "dateTime" : "2023-12-02T07:30:00.000",
      "level" : "light",
      "seconds" : 2760
    },{
      "dateTime" : "2023-12-02T08:16:00.000",
      "level" : "deep",
      "seconds" : 1800
    },{
      "dateTime" : "2023-12-02T08:46:00.000",
      "level" : "light",
      "seconds" : 1470
    },{
      "dateTime" : "2023-12-02T09:10:30.000",
      "level" : "wake",
      "seconds" : 510
    },{
      "dateTime" : "2023-12-02T09:19:00.000",
      "level" : "light",
      "seconds" : 750
    },{
      "dateTime" : "2023-12-02T09:31:30.000",
      "level" : "rem",
      "seconds" : 810
    },{
      "dateTime" : "2023-12-02T09:45:00.000",
      "level" : "light",
      "seconds" : 1410
    },{
      "dateTime" : "2023-12-02T10:08:30.000",
      "level" : "deep",
      "seconds" : 870
    },{
      "dateTime" : "2023-12-02T10:23:00.000",
      "level" : "wake",
      "seconds" : 360
    },{
      "dateTime" : "2023-12-02T10:29:00.000",
      "level" : "light",
      "seconds" : 540
    },{
      "dateTime" : "2023-12-02T10:38:00.000",
      "level" : "rem",
      "seconds" : 960
    },{
      "dateTime" : "2023-12-02T10:54:00.000",
      "level" : "light",
      "seconds" : 330
    },{
      "dateTime" : "2023-12-02T10:59:30.000",
      "level" : "wake",
      "seconds" : 390
    },{
      "dateTime" : "2023-12-02T11:06:00.000",
      "level" : "light",
      "seconds" : 720
    },{
      "dateTime" : "2023-12-02T11:18:00.000",
      "level" : "wake",
      "seconds" : 420
    },{
      "dateTime" : "2023-12-02T11:25:00.000",
      "level" : "rem",
      "seconds" : 330
    },{
      "dateTime" : "2023-12-02T11:30:30.000",
      "level" : "wake",
      "seconds" : 540
    }],
    "shortData" : [{
      "dateTime" : "2023-12-02T04:04:00.000",
      "level" : "wake",
      "seconds" : 60
    },{
      "dateTime" : "2023-12-02T05:51:30.000",
      "level" : "wake",
      "seconds" : 30
    },{
      "dateTime" : "2023-12-02T07:29:00.000",
      "level" : "wake",
      "seconds" : 60
    },{
      "dateTime" : "2023-12-02T07:34:30.000",
      "level" : "wake",
      "seconds" : 30
    },{
      "dateTime" : "2023-12-02T07:40:30.000",
      "level" : "wake",
      "seconds" : 60
    },{
      "dateTime" : "2023-12-02T07:45:30.000",
      "level" : "wake",
      "seconds" : 30
    },{
      "dateTime" : "2023-12-02T08:04:00.000",
      "level" : "wake",
      "seconds" : 30
    },{
      "dateTime" : "2023-12-02T08:44:30.000",
      "level" : "wake",
      "seconds" : 90
    },{
      "dateTime" : "2023-12-02T08:53:30.000",
      "level" : "wake",
      "seconds" : 30
    },{
      "dateTime" : "2023-12-02T08:56:30.000",
      "level" : "wake",
      "seconds" : 60
    },{
      "dateTime" : "2023-12-02T09:03:30.000",
      "level" : "wake",
      "seconds" : 30
    },{
      "dateTime" : "2023-12-02T09:43:00.000",
      "level" : "wake",
      "seconds" : 30
    },{
      "dateTime" : "2023-12-02T10:36:30.000",
      "level" : "wake",
      "seconds" : 60
    },{
      "dateTime" : "2023-12-02T10:53:00.000",
      "level" : "wake",
      "seconds" : 60
    },{
      "dateTime" : "2023-12-02T11:13:30.000",
      "level" : "wake",
      "seconds" : 30
    }]
  },
  "mainSleep" : true
},{
  "logId" : 43665614856,
  "dateOfSleep" : "2023-12-01",
  "startTime" : "2023-12-01T00:51:00.000",
  "endTime" : "2023-12-01T07:54:30.000",
  "duration" : 25380000,
  "minutesToFallAsleep" : 0,
  "minutesAsleep" : 384,
  "minutesAwake" : 39,
  "minutesAfterWakeup" : 0,
  "timeInBed" : 423,
  "efficiency" : 87,
  "type" : "stages",
  "infoCode" : 0,
  "logType" : "auto_detected",
  "levels" : {
    "summary" : {
      "deep" : {
        "count" : 5,
        "minutes" : 83,
        "thirtyDayAvgMinutes" : 74
      },
      "wake" : {
        "count" : 25,
        "minutes" : 39,
        "thirtyDayAvgMinutes" : 52
      },
      "light" : {
        "count" : 23,
        "minutes" : 194,
        "thirtyDayAvgMinutes" : 227
      },
      "rem" : {
        "count" : 11,
        "minutes" : 107,
        "thirtyDayAvgMinutes" : 47
      }
    },
    "data" : [{
      "dateTime" : "2023-12-01T00:51:00.000",
      "level" : "wake",
      "seconds" : 30
    },{
      "dateTime" : "2023-12-01T00:51:30.000",
      "level" : "light",
      "seconds" : 1590
    },{
      "dateTime" : "2023-12-01T01:18:00.000",
      "level" : "wake",
      "seconds" : 270
    },{
      "dateTime" : "2023-12-01T01:22:30.000",
      "level" : "light",
      "seconds" : 300
    },{
      "dateTime" : "2023-12-01T01:27:30.000",
      "level" : "deep",
      "seconds" : 1560
    },{
      "dateTime" : "2023-12-01T01:53:30.000",
      "level" : "light",
      "seconds" : 420
    },{
      "dateTime" : "2023-12-01T02:00:30.000",
      "level" : "wake",
      "seconds" : 330
    },{
      "dateTime" : "2023-12-01T02:06:00.000",
      "level" : "light",
      "seconds" : 1470
    },{
      "dateTime" : "2023-12-01T02:30:30.000",
      "level" : "rem",
      "seconds" : 990
    },{
      "dateTime" : "2023-12-01T02:47:00.000",
      "level" : "light",
      "seconds" : 750
    },{
      "dateTime" : "2023-12-01T02:59:30.000",
      "level" : "deep",
      "seconds" : 330
    },{
      "dateTime" : "2023-12-01T03:05:00.000",
      "level" : "wake",
      "seconds" : 270
    },{
      "dateTime" : "2023-12-01T03:09:30.000",
      "level" : "light",
      "seconds" : 930
    },{
      "dateTime" : "2023-12-01T03:25:00.000",
      "level" : "deep",
      "seconds" : 2040
    },{
      "dateTime" : "2023-12-01T03:59:00.000",
      "level" : "light",
      "seconds" : 180
    },{
      "dateTime" : "2023-12-01T04:02:00.000",
      "level" : "rem",
      "seconds" : 1830
    },{
      "dateTime" : "2023-12-01T04:32:30.000",
      "level" : "light",
      "seconds" : 720
    },{
      "dateTime" : "2023-12-01T04:44:30.000",
      "level" : "deep",
      "seconds" : 450
    },{
      "dateTime" : "2023-12-01T04:52:00.000",
      "level" : "light",
      "seconds" : 2490
    },{
      "dateTime" : "2023-12-01T05:33:30.000",
      "level" : "rem",
      "seconds" : 1350
    },{
      "dateTime" : "2023-12-01T05:56:00.000",
      "level" : "wake",
      "seconds" : 360
    },{
      "dateTime" : "2023-12-01T06:02:00.000",
      "level" : "light",
      "seconds" : 1140
    },{
      "dateTime" : "2023-12-01T06:21:00.000",
      "level" : "deep",
      "seconds" : 630
    },{
      "dateTime" : "2023-12-01T06:31:30.000",
      "level" : "light",
      "seconds" : 1800
    },{
      "dateTime" : "2023-12-01T07:01:30.000",
      "level" : "rem",
      "seconds" : 2640
    },{
      "dateTime" : "2023-12-01T07:45:30.000",
      "level" : "light",
      "seconds" : 180
    },{
      "dateTime" : "2023-12-01T07:48:30.000",
      "level" : "wake",
      "seconds" : 210
    },{
      "dateTime" : "2023-12-01T07:52:00.000",
      "level" : "light",
      "seconds" : 150
    }],
    "shortData" : [{
      "dateTime" : "2023-12-01T00:51:00.000",
      "level" : "wake",
      "seconds" : 30
    },{
      "dateTime" : "2023-12-01T00:59:30.000",
      "level" : "wake",
      "seconds" : 90
    },{
      "dateTime" : "2023-12-01T01:53:00.000",
      "level" : "wake",
      "seconds" : 30
    },{
      "dateTime" : "2023-12-01T02:17:00.000",
      "level" : "wake",
      "seconds" : 30
    },{
      "dateTime" : "2023-12-01T02:20:00.000",
      "level" : "wake",
      "seconds" : 30
    },{
      "dateTime" : "2023-12-01T02:36:00.000",
      "level" : "wake",
      "seconds" : 30
    },{
      "dateTime" : "2023-12-01T02:46:00.000",
      "level" : "wake",
      "seconds" : 60
    },{
      "dateTime" : "2023-12-01T03:16:00.000",
      "level" : "wake",
      "seconds" : 60
    },{
      "dateTime" : "2023-12-01T04:03:00.000",
      "level" : "wake",
      "seconds" : 90
    },{
      "dateTime" : "2023-12-01T04:11:30.000",
      "level" : "wake",
      "seconds" : 30
    },{
      "dateTime" : "2023-12-01T04:22:00.000",
      "level" : "wake",
      "seconds" : 30
    },{
      "dateTime" : "2023-12-01T04:31:30.000",
      "level" : "wake",
      "seconds" : 30
    },{
      "dateTime" : "2023-12-01T04:53:30.000",
      "level" : "wake",
      "seconds" : 30
    },{
      "dateTime" : "2023-12-01T05:13:30.000",
      "level" : "wake",
      "seconds" : 30
    },{
      "dateTime" : "2023-12-01T05:28:30.000",
      "level" : "wake",
      "seconds" : 90
    },{
      "dateTime" : "2023-12-01T06:12:00.000",
      "level" : "wake",
      "seconds" : 30
    },{
      "dateTime" : "2023-12-01T06:32:00.000",
      "level" : "wake",
      "seconds" : 60
    },{
      "dateTime" : "2023-12-01T06:36:00.000",
      "level" : "wake",
      "seconds" : 60
    },{
      "dateTime" : "2023-12-01T07:11:30.000",
      "level" : "wake",
      "seconds" : 30
    },{
      "dateTime" : "2023-12-01T07:35:00.000",
      "level" : "wake",
      "seconds" : 60
    }]
  },
  "mainSleep" : true
},{
  "logId" : 43642787171,
  "dateOfSleep" : "2023-11-29",
  "startTime" : "2023-11-29T01:14:00.000",
  "endTime" : "2023-11-29T07:17:30.000",
  "duration" : 21780000,
  "minutesToFallAsleep" : 0,
  "minutesAsleep" : 308,
  "minutesAwake" : 55,
  "minutesAfterWakeup" : 0,
  "timeInBed" : 363,
  "efficiency" : 93,
  "type" : "stages",
  "infoCode" : 0,
  "logType" : "auto_detected",
  "levels" : {
    "summary" : {
      "deep" : {
        "count" : 3,
        "minutes" : 82,
        "thirtyDayAvgMinutes" : 65
      },
      "wake" : {
        "count" : 18,
        "minutes" : 55,
        "thirtyDayAvgMinutes" : 48
      },
      "light" : {
        "count" : 20,
        "minutes" : 188,
        "thirtyDayAvgMinutes" : 266
      },
      "rem" : {
        "count" : 3,
        "minutes" : 38,
        "thirtyDayAvgMinutes" : 56
      }
    },
    "data" : [{
      "dateTime" : "2023-11-29T01:14:00.000",
      "level" : "wake",
      "seconds" : 510
    },{
      "dateTime" : "2023-11-29T01:22:30.000",
      "level" : "light",
      "seconds" : 1320
    },{
      "dateTime" : "2023-11-29T01:44:30.000",
      "level" : "wake",
      "seconds" : 420
    },{
      "dateTime" : "2023-11-29T01:51:30.000",
      "level" : "light",
      "seconds" : 510
    },{
      "dateTime" : "2023-11-29T02:00:00.000",
      "level" : "deep",
      "seconds" : 1350
    },{
      "dateTime" : "2023-11-29T02:22:30.000",
      "level" : "light",
      "seconds" : 1020
    },{
      "dateTime" : "2023-11-29T02:39:30.000",
      "level" : "wake",
      "seconds" : 390
    },{
      "dateTime" : "2023-11-29T02:46:00.000",
      "level" : "light",
      "seconds" : 720
    },{
      "dateTime" : "2023-11-29T02:58:00.000",
      "level" : "wake",
      "seconds" : 210
    },{
      "dateTime" : "2023-11-29T03:01:30.000",
      "level" : "light",
      "seconds" : 1410
    },{
      "dateTime" : "2023-11-29T03:25:00.000",
      "level" : "deep",
      "seconds" : 2100
    },{
      "dateTime" : "2023-11-29T04:00:00.000",
      "level" : "light",
      "seconds" : 270
    },{
      "dateTime" : "2023-11-29T04:04:30.000",
      "level" : "rem",
      "seconds" : 720
    },{
      "dateTime" : "2023-11-29T04:16:30.000",
      "level" : "light",
      "seconds" : 3600
    },{
      "dateTime" : "2023-11-29T05:16:30.000",
      "level" : "rem",
      "seconds" : 1290
    },{
      "dateTime" : "2023-11-29T05:38:00.000",
      "level" : "wake",
      "seconds" : 480
    },{
      "dateTime" : "2023-11-29T05:46:00.000",
      "level" : "light",
      "seconds" : 2100
    },{
      "dateTime" : "2023-11-29T06:21:00.000",
      "level" : "deep",
      "seconds" : 1620
    },{
      "dateTime" : "2023-11-29T06:48:00.000",
      "level" : "light",
      "seconds" : 390
    },{
      "dateTime" : "2023-11-29T06:54:30.000",
      "level" : "rem",
      "seconds" : 270
    },{
      "dateTime" : "2023-11-29T06:59:00.000",
      "level" : "light",
      "seconds" : 30
    },{
      "dateTime" : "2023-11-29T06:59:30.000",
      "level" : "wake",
      "seconds" : 360
    },{
      "dateTime" : "2023-11-29T07:05:30.000",
      "level" : "light",
      "seconds" : 720
    }],
    "shortData" : [{
      "dateTime" : "2023-11-29T01:24:30.000",
      "level" : "wake",
      "seconds" : 90
    },{
      "dateTime" : "2023-11-29T01:31:00.000",
      "level" : "wake",
      "seconds" : 30
    },{
      "dateTime" : "2023-11-29T02:22:00.000",
      "level" : "wake",
      "seconds" : 30
    },{
      "dateTime" : "2023-11-29T03:58:30.000",
      "level" : "wake",
      "seconds" : 90
    },{
      "dateTime" : "2023-11-29T04:16:30.000",
      "level" : "wake",
      "seconds" : 60
    },{
      "dateTime" : "2023-11-29T04:44:00.000",
      "level" : "wake",
      "seconds" : 60
    },{
      "dateTime" : "2023-11-29T04:59:30.000",
      "level" : "wake",
      "seconds" : 60
    },{
      "dateTime" : "2023-11-29T05:04:30.000",
      "level" : "wake",
      "seconds" : 60
    },{
      "dateTime" : "2023-11-29T06:04:00.000",
      "level" : "wake",
      "seconds" : 150
    },{
      "dateTime" : "2023-11-29T06:10:00.000",
      "level" : "wake",
      "seconds" : 60
    },{
      "dateTime" : "2023-11-29T06:48:30.000",
      "level" : "wake",
      "seconds" : 120
    },{
      "dateTime" : "2023-11-29T07:13:00.000",
      "level" : "wake",
      "seconds" : 120
    }]
  },
  "mainSleep" : true
},{
  "logId" : 43629391607,
  "dateOfSleep" : "2023-11-28",
  "startTime" : "2023-11-27T23:52:00.000",
  "endTime" : "2023-11-28T07:07:30.000",
  "duration" : 26100000,
  "minutesToFallAsleep" : 0,
  "minutesAsleep" : 387,
  "minutesAwake" : 48,
  "minutesAfterWakeup" : 3,
  "timeInBed" : 435,
  "efficiency" : 90,
  "type" : "stages",
  "infoCode" : 0,
  "logType" : "auto_detected",
  "levels" : {
    "summary" : {
      "deep" : {
        "count" : 2,
        "minutes" : 65,
        "thirtyDayAvgMinutes" : 0
      },
      "wake" : {
        "count" : 25,
        "minutes" : 48,
        "thirtyDayAvgMinutes" : 0
      },
      "light" : {
        "count" : 23,
        "minutes" : 266,
        "thirtyDayAvgMinutes" : 0
      },
      "rem" : {
        "count" : 5,
        "minutes" : 56,
        "thirtyDayAvgMinutes" : 0
      }
    },
    "data" : [{
      "dateTime" : "2023-11-27T23:52:00.000",
      "level" : "wake",
      "seconds" : 390
    },{
      "dateTime" : "2023-11-27T23:58:30.000",
      "level" : "light",
      "seconds" : 780
    },{
      "dateTime" : "2023-11-28T00:11:30.000",
      "level" : "deep",
      "seconds" : 3330
    },{
      "dateTime" : "2023-11-28T01:07:00.000",
      "level" : "wake",
      "seconds" : 450
    },{
      "dateTime" : "2023-11-28T01:14:30.000",
      "level" : "light",
      "seconds" : 3090
    },{
      "dateTime" : "2023-11-28T02:06:00.000",
      "level" : "deep",
      "seconds" : 570
    },{
      "dateTime" : "2023-11-28T02:15:30.000",
      "level" : "wake",
      "seconds" : 480
    },{
      "dateTime" : "2023-11-28T02:23:30.000",
      "level" : "light",
      "seconds" : 4200
    },{
      "dateTime" : "2023-11-28T03:33:30.000",
      "level" : "rem",
      "seconds" : 1290
    },{
      "dateTime" : "2023-11-28T03:55:00.000",
      "level" : "light",
      "seconds" : 4350
    },{
      "dateTime" : "2023-11-28T05:07:30.000",
      "level" : "rem",
      "seconds" : 900
    },{
      "dateTime" : "2023-11-28T05:22:30.000",
      "level" : "light",
      "seconds" : 2820
    },{
      "dateTime" : "2023-11-28T06:09:30.000",
      "level" : "rem",
      "seconds" : 1320
    },{
      "dateTime" : "2023-11-28T06:31:30.000",
      "level" : "wake",
      "seconds" : 330
    },{
      "dateTime" : "2023-11-28T06:37:00.000",
      "level" : "light",
      "seconds" : 1620
    },{
      "dateTime" : "2023-11-28T07:04:00.000",
      "level" : "wake",
      "seconds" : 210
    }],
    "shortData" : [{
      "dateTime" : "2023-11-28T01:37:00.000",
      "level" : "wake",
      "seconds" : 30
    },{
      "dateTime" : "2023-11-28T02:41:00.000",
      "level" : "wake",
      "seconds" : 90
    },{
      "dateTime" : "2023-11-28T02:44:00.000",
      "level" : "wake",
      "seconds" : 60
    },{
      "dateTime" : "2023-11-28T02:46:30.000",
      "level" : "wake",
      "seconds" : 150
    },{
      "dateTime" : "2023-11-28T02:59:00.000",
      "level" : "wake",
      "seconds" : 30
    },{
      "dateTime" : "2023-11-28T03:25:00.000",
      "level" : "wake",
      "seconds" : 120
    },{
      "dateTime" : "2023-11-28T03:28:30.000",
      "level" : "wake",
      "seconds" : 30
    },{
      "dateTime" : "2023-11-28T03:54:00.000",
      "level" : "wake",
      "seconds" : 60
    },{
      "dateTime" : "2023-11-28T04:13:00.000",
      "level" : "wake",
      "seconds" : 30
    },{
      "dateTime" : "2023-11-28T04:56:30.000",
      "level" : "wake",
      "seconds" : 30
    },{
      "dateTime" : "2023-11-28T04:59:30.000",
      "level" : "wake",
      "seconds" : 30
    },{
      "dateTime" : "2023-11-28T05:05:00.000",
      "level" : "wake",
      "seconds" : 60
    },{
      "dateTime" : "2023-11-28T05:20:30.000",
      "level" : "wake",
      "seconds" : 60
    },{
      "dateTime" : "2023-11-28T05:34:00.000",
      "level" : "wake",
      "seconds" : 30
    },{
      "dateTime" : "2023-11-28T05:41:30.000",
      "level" : "wake",
      "seconds" : 30
    },{
      "dateTime" : "2023-11-28T05:58:00.000",
      "level" : "wake",
      "seconds" : 30
    },{
      "dateTime" : "2023-11-28T06:24:30.000",
      "level" : "wake",
      "seconds" : 30
    },{
      "dateTime" : "2023-11-28T06:40:00.000",
      "level" : "wake",
      "seconds" : 30
    },{
      "dateTime" : "2023-11-28T06:50:30.000",
      "level" : "wake",
      "seconds" : 30
    },{
      "dateTime" : "2023-11-28T06:52:30.000",
      "level" : "wake",
      "seconds" : 60
    }]
  },
  "mainSleep" : true
}]